AssignmentId,WorkerId,HITId,AcceptTime,SubmitTime,ApprovalTime,name,revenue
3GA6AFUKOP1M7J7QUR902II9ETYH3D,A35AG28CQTZVMS,3PA41K45VNHUZZ88PDFTZP1WRHCP7I,Sat May 09 13:47:12 PDT 2015,Sat May 09 13:48:07 PDT 2015,2015-05-09 21:52:37 UTC,8x8  Inc.,128.6
33NF62TLXKFOUNAN3X4KVHFQ27MKJU,A2T2D6DDA5X5DZ,3B9XR6P1WE8LF0807HMP7V1G18WJBX,Sat May 09 13:05:11 PDT 2015,Sat May 09 13:05:37 PDT 2015,2015-05-09 21:07:38 UTC,8x8  Inc.,128
3XCC1ODXDMOR3ERVO7XQTUDQBU9RQM,A35AG28CQTZVMS,37VUR2VJ6A2XUOK2VSCEEFBCPCXC1U,Sat May 09 14:06:18 PDT 2015,Sat May 09 14:07:53 PDT 2015,2015-05-09 22:12:38 UTC,A10 Networks,179.51
3STRJBFXOX4I8Q6SFRIOXN2Z09BTK6,A28OHQUT69VJ0S,3LN50BUKPVOTEKXAT7G3IUJXM1GLPM,Sat May 09 12:16:31 PDT 2015,Sat May 09 12:19:32 PDT 2015,2015-05-09 20:22:36 UTC,A10 Networks,179.51
3QEMNNSB2YCNWM3BA7T0OEFRR3N7DV,A285F2F2D081JH,3P0I4CQYVYKR4EX8ILAQ25VNA3OWO9,Sat May 09 11:56:30 PDT 2015,Sat May 09 12:00:31 PDT 2015,2015-05-09 20:02:37 UTC,Abaxis,179.78
3DL65MZB8ESY09C7XJCVAIPQSQHCEO,A28OHQUT69VJ0S,3TFJJUELSH24J92YEWCSJYLHHIB2C1,Sat May 09 12:58:21 PDT 2015,Sat May 09 12:59:42 PDT 2015,2015-05-09 21:02:37 UTC,Abaxis,171.87
3EQHHY4HQT5BL2ZJO4FBWF4SDP95GP,A285F2F2D081JH,3LEG2HW4UF0BMLM85Y2TR46KEV3F2P,Sat May 09 12:00:31 PDT 2015,Sat May 09 12:01:08 PDT 2015,2015-05-09 20:02:37 UTC,Accuray Incorporated,369.42
3RU7GD8VPP6I4HQT3JI6JZSCS07PSI,A28OHQUT69VJ0S,3BJKPTD2QCP29ALUF8MJ9GTTHWQTRP,Sat May 09 13:52:30 PDT 2015,Sat May 09 13:53:42 PDT 2015,2015-05-09 21:57:39 UTC,Accuray Incorporated,369.42
3E337GFOLALFBR5PS4BXQW4E4ACGNT,A35AG28CQTZVMS,3MJ9GGZYO3JGQU50UIG1D3VTHFQ2AZ,Sat May 09 14:12:08 PDT 2015,Sat May 09 14:12:51 PDT 2015,2015-05-09 22:17:38 UTC,Accuray Incorporated,369.42
3D8YOU6S9FXQ9O0SDSEXS0JJISYU6T,AM0KMTKJ9VEFP,3BDORL6HKKQLNTJJTMRTK6TPTARCRQ,Sat May 09 12:26:05 PDT 2015,Sat May 09 12:29:50 PDT 2015,2015-05-09 20:32:38 UTC,ActivIdentity,15
36PW28KO409A7UF9D5G44NZ2SNUAEI,A285F2F2D081JH,3XDSWAMB225LBS4JG72TFGJKXOPCQP,Sat May 09 12:01:08 PDT 2015,Sat May 09 12:01:45 PDT 2015,2015-05-09 20:02:37 UTC,Actuate,134.52
3WETL7AQWULARQNVTP8RDLFJ9K635H,A2T2D6DDA5X5DZ,3IZPORCT1FMC41UZFE5UVXQ562WHR4,Sat May 09 13:05:59 PDT 2015,Sat May 09 13:09:48 PDT 2015,2015-05-09 21:12:39 UTC,Actuate,134.52
3IQ1VMJRYUXTCYOS5U0IC9YR1QFA99,A1V0NUMA2VA07M,30U1YOGZGA97T0PA87M9UMG30CLDSE,Sat May 09 12:46:23 PDT 2015,Sat May 09 12:47:09 PDT 2015,2015-05-09 20:47:37 UTC,Adac Laboratories Inc,44.4
3S4AW7T80CV9BB9KLQTH4F3M9A2L48,AM0KMTKJ9VEFP,335HHSX8CDII3RBUXDAAQ891R15HDY,Sat May 09 13:38:39 PDT 2015,Sat May 09 13:39:10 PDT 2015,2015-05-09 21:42:38 UTC,Adobe Systems,4256
3ATPCQ38J9N8DZW0D6SYBQRIAZ1YAN,A1NV8QXI4FEWWS,3ZZAYRN1I64ZCXTENG5FFLOO696TOG,Sat May 09 13:12:24 PDT 2015,Sat May 09 13:13:14 PDT 2015,2015-05-09 21:17:37 UTC,Adobe Systems,4256
3MRNMEIQW6JMB7SDE1UA7JXSMNSLDI,A285F2F2D081JH,3IWA71V4TITG48WUSUKINON3Y50X6E,Sat May 09 12:02:10 PDT 2015,Sat May 09 12:03:07 PDT 2015,2015-05-09 20:07:37 UTC,Adobe Systems,4256
3YW4XOSQKRYV22ZV7M2GX4S2AHKU1X,A35AG28CQTZVMS,3PKJ68EHDN9V6DBM79WLT64EWL2HJC,Sat May 09 13:22:20 PDT 2015,Sat May 09 13:23:35 PDT 2015,2015-05-09 21:27:38 UTC,Adobe Systems,4256
3I02618YA1JYJUIXSOD6Y0A0DXPPUV,A185RLALVDARY9,3CRWSLD91KHVZ23UEJ43T7TWC1AOMA,Sat May 09 12:28:40 PDT 2015,Sat May 09 12:29:19 PDT 2015,,Adobe Systems,4256
3WEV0KO0ON59FKN3YARBJ5BNEH1SD4,A2T2D6DDA5X5DZ,34ZTTGSNJX1CS0FZ2ZGUQ7G0AGUHQ3,Sat May 09 12:27:27 PDT 2015,Sat May 09 12:30:40 PDT 2015,2015-05-09 20:32:38 UTC,Adobe Systems,4256
3R2PKQ87NXLNP0QK6RW0YTSUEXRIMK,A3CWYWKQXX4RIZ,30IRMPJWDZW36RV7LZ8R8P6XYJZRKH,Sat May 09 12:43:13 PDT 2015,Sat May 09 12:44:30 PDT 2015,2015-05-09 20:47:37 UTC,Adobe Systems,4256
3NPFYT4IZDHKNLJTUAY6OYVC6OLGXC,AJNGIUBDXULG6,3O2Y2UIUCQ7631QYU48XR0SEVVPKFG,Sat May 09 13:14:27 PDT 2015,Sat May 09 13:15:49 PDT 2015,2015-05-09 21:17:39 UTC,Adobe Systems,4256
336KAV9KYR5J8W1W0RZJ588KYBAY2H,AT5I4VF891S7I,31KPKEKW4AQEDU7EL9CJPQMK2ZS0B9,Sat May 09 13:37:47 PDT 2015,Sat May 09 13:38:30 PDT 2015,2015-05-09 21:42:38 UTC,Advanced Chemical Transport,40.1
3YDGXNSEO07EW4P1R1KDZAHGPA2848,A1NV8QXI4FEWWS,3087LXLJ6MT4QBJUQBYF8GD5HXJF05,Sat May 09 13:09:56 PDT 2015,Sat May 09 13:10:11 PDT 2015,2015-05-09 21:12:39 UTC,Advanced Micro Devices,5506
32N49TQG3HVR951V8V5E4RNOSIXVA9,A285F2F2D081JH,3CVBMEMMXBT2MIAK607OQGZ55Q27HV,Sat May 09 12:03:07 PDT 2015,Sat May 09 12:03:59 PDT 2015,2015-05-09 20:07:37 UTC,Advanced Micro Devices,5299
3DH6GAKTYZ29E748PY8XSJIRJK8YZO,A35AG28CQTZVMS,3RWO3EJELHMGODT60XYKYFAJOVC1PX,Sat May 09 13:21:42 PDT 2015,Sat May 09 13:22:19 PDT 2015,2015-05-09 21:22:39 UTC,Advanced Micro Devices,5299
3Z7VU45IPZUCO1T5D91OEW7HCZY1ZS,A2T2D6DDA5X5DZ,36FFXPMST9197O2JNMOQ12L0VFCHOV,Sat May 09 12:30:45 PDT 2015,Sat May 09 12:33:33 PDT 2015,2015-05-09 20:37:37 UTC,Advanced Micro Devices,5299
3II4UPYCOKKX248Q6626O5WMWTGQDD,A185RLALVDARY9,3OJX0UFJ0ZKB5N4XLWC7NRF1UOS9UA,Sat May 09 12:38:11 PDT 2015,Sat May 09 12:39:07 PDT 2015,2015-05-09 20:42:39 UTC,Advanced Micro Devices,5299
3OVHNO1VE7E6GW9HT2LJFY8Q1W2DZV,A3CWYWKQXX4RIZ,35U0MRQMUJKEPPX3SB5UG3C93UMOVR,Sat May 09 12:44:42 PDT 2015,Sat May 09 12:46:36 PDT 2015,2015-05-09 20:47:37 UTC,Advanced Micro Devices,5299
3P4RDNWND6JXOSKZ3UJ8I10DA3VIJF,A285F2F2D081JH,35O6H0UNLSTJQKRR67VC491ORCAJ5W,Sat May 09 12:03:59 PDT 2015,Sat May 09 12:04:51 PDT 2015,2015-05-09 20:07:37 UTC,Advent Software,382.96
3ERET4BTVNMZOBXEHLD76N1N62CK91,A28OHQUT69VJ0S,3XEIP58NL00NSOZGGGE59SLBW0NLZ7,Sat May 09 13:55:26 PDT 2015,Sat May 09 13:56:29 PDT 2015,2015-05-09 21:57:39 UTC,Advent Software,382.96
324G5B4FB4LTX22HYV5597V8XEH07Y,A28OHQUT69VJ0S,36JW4WBR06XF1BPQOJ50E8CM3ELFH7,Sat May 09 13:00:09 PDT 2015,Sat May 09 13:01:25 PDT 2015,2015-05-09 21:02:37 UTC,Aemetis  Inc,207.68
3O7L7BFSHF2PDCY7PT8HLLNL5V3IEY,A35AG28CQTZVMS,38LRF35D5L9PQLFH4NBXWECFUWHU3D,Sat May 09 14:03:21 PDT 2015,Sat May 09 14:06:17 PDT 2015,2015-05-09 22:07:38 UTC,Aemetis  Inc,207.68
3KRVW3HTZOYCJETGB3QE2VYHNVVSMO,A28OHQUT69VJ0S,3ZTE0JGGCE5IQGR31UAPQBOKIN7COH,Sat May 09 13:39:02 PDT 2015,Sat May 09 13:40:12 PDT 2015,2015-05-09 21:42:38 UTC,Affymetrix Inc.,349.02
34V1S5K3GTESPWCPFHJ6W4W557Q96J,A1NYV6LPHCYADS,322ZSN9Z5GXV84JW4WQ61NIJPI74TI,Sat May 09 12:54:28 PDT 2015,Sat May 09 13:51:20 PDT 2015,2015-05-09 21:52:38 UTC,Agilent Technologies,6782
3MRNMEIQW6JMB7SDE1UA7JXSMNTLDJ,A3CWYWKQXX4RIZ,37J05LC5AXWEUX6KLDDV2LPG4T8JD4,Sat May 09 12:47:17 PDT 2015,Sat May 09 12:48:13 PDT 2015,2015-05-09 20:52:37 UTC,Agilent Technologies,6782
3HMVI3QICK5CJBJ0HNZ50PYF65VY1Z,A1NV8QXI4FEWWS,3FO95NVK5CD1UA8FQ8HTZBX7FDCRSY,Sat May 09 13:09:12 PDT 2015,Sat May 09 13:09:29 PDT 2015,2015-05-09 21:12:39 UTC,Agilent Technologies,6782
31T4R4OBOTTDRUXXABYP48X963EC73,A35AG28CQTZVMS,3HFWPF5AK9W9B8NDFIGXHDUR9ZXS3W,Sat May 09 13:18:25 PDT 2015,Sat May 09 13:19:23 PDT 2015,2015-05-09 21:22:37 UTC,Agilent Technologies,6782
3K5TEWLKGWO6FNKTKJXRLPB75Q3VIE,A185RLALVDARY9,3IH9TRB0FBCO7R62N280PI972HHI12,Sat May 09 12:34:59 PDT 2015,Sat May 09 12:36:06 PDT 2015,2015-05-09 20:37:37 UTC,Agilent Technologies,6782
3HRMW88U173CI594217USPSYS3B0M8,A2T2D6DDA5X5DZ,3V0TR1NRVAFQT8KNYWZP6ISR1TMA43,Sat May 09 12:33:41 PDT 2015,Sat May 09 12:34:51 PDT 2015,2015-05-09 20:37:37 UTC,Agilent Technologies,6782
3S3AMIZX3VIT83Y71O1B4075SEFCDU,AM0KMTKJ9VEFP,39TX062QX11H7P9C9SMKGLBJOEYX38,Sat May 09 12:29:54 PDT 2015,Sat May 09 12:43:27 PDT 2015,2015-05-09 20:47:37 UTC,Alien Technology Corporation,25
3N1FSUEFL6DQDZLS89VTL2VH0104DB,A1NV8QXI4FEWWS,378G7J1SJLB5SNKJO77UXT1961JEWO,Sat May 09 13:24:41 PDT 2015,Sat May 09 13:24:58 PDT 2015,2015-05-09 21:27:39 UTC,Align Technology,762
3TK8OJTYM2YYW97XXENBUMCJR40PVM,AM0KMTKJ9VEFP,3OND0WXMHWSNVXPUT8LUWQRMRD6HER,Sat May 09 13:39:11 PDT 2015,Sat May 09 13:39:39 PDT 2015,2015-05-09 21:42:38 UTC,Altera,1932
338JKRMM27CMR46B36OAPQWFK3PHA8,A1NV8QXI4FEWWS,30QQTY5GMKX7R4G46ZEN9VOVZY3U7I,Sat May 09 13:17:59 PDT 2015,Sat May 09 13:18:23 PDT 2015,2015-05-09 21:22:36 UTC,Altera,1932
30ZX6P7VF98TD76XERYGVLTWL7ZJ26,A28OHQUT69VJ0S,3X4Q1O9UBHZCEZW7AD2EAPW6HCG7OJ,Sat May 09 12:52:47 PDT 2015,Sat May 09 12:54:30 PDT 2015,2015-05-09 20:57:36 UTC,Altera,1932
33PPO7FECWSKL6K7TYXXF3505J0ID3,AJNGIUBDXULG6,32CAVSKPCE2TGI12HJXE8LXIWC3U1L,Sat May 09 13:15:50 PDT 2015,Sat May 09 13:18:02 PDT 2015,2015-05-09 21:22:36 UTC,Altera,1932
3IAS3U3I0GTNVO8LQZLZXXAJD2SB2F,A35AG28CQTZVMS,3O71U79SRB2AXUVNL0LCDC3X9QEMS6,Sat May 09 13:46:01 PDT 2015,Sat May 09 13:47:11 PDT 2015,2015-05-09 21:47:41 UTC,Altera,1932
3PWWM24LHTB4TQAENN1P6VKI5W682C,A2T2D6DDA5X5DZ,3AC6MFV69KVL6SGQPVZ7H0S4FJFHZX,Sat May 09 13:09:50 PDT 2015,Sat May 09 13:11:25 PDT 2015,2015-05-09 21:12:40 UTC,Altera,1932
3VNL7UK1XGW7S4EEEGRRHAAUSDXFTT,AT5I4VF891S7I,3421H3BM9AU2R7T39X8TGP6QD8U9JE,Sat May 09 13:32:07 PDT 2015,Sat May 09 13:34:47 PDT 2015,2015-05-09 21:37:36 UTC,Alvarez Technology Group,4.3
3FTOP5WARG1MHX3JZ4U2CX0HO9FJ0M,A1CB33BUZQHRM9,3OEWW2KGQJOSV8XH1Q50AH623NIODS,Sat May 09 12:51:49 PDT 2015,Sat May 09 12:55:59 PDT 2015,2015-05-09 20:57:36 UTC,Apple,199800
3YW4XOSQKRYV22ZV7M2GX4S2AHJU1W,A1NV8QXI4FEWWS,3D3B8GE8924YDIW14ADDDLS2M70P9U,Sat May 09 12:54:08 PDT 2015,Sat May 09 12:54:41 PDT 2015,2015-05-09 20:57:36 UTC,Apple,199800
345LHZDEDY5RC5DAUQGZLX7Z81ZU3Q,A2WKZI3JQCE3Z6,3D5G8J4N5AHU2H2BOSRTADIW223TVI,Sat May 09 13:55:02 PDT 2015,Sat May 09 13:57:33 PDT 2015,2015-05-09 21:57:40 UTC,Apple,199800
34J10VATJGBEAFOCYK3HF2CZOYQIQ9,AM0KMTKJ9VEFP,3PZDSVZ3J5UXDREC704USOCR00L4NH,Sat May 09 13:39:40 PDT 2015,Sat May 09 13:40:01 PDT 2015,2015-05-09 21:42:38 UTC,Apple,199800
3QRYMNZ7FZUJGWRVC4A4PFJ3U4JTNE,AQ4DKMXF2AUV8,329E6HTMSWFBNPA5A97VQR3HS5KK37,Sat May 09 13:50:05 PDT 2015,Sat May 09 13:52:07 PDT 2015,2015-05-09 21:52:38 UTC,Apple,199800
3QY5DC2MXSXMSHT3ELH1M6WWBR4FUK,A389B2JAHB845F,3OYHVNTV5TB09E3RT7RNEU1SNWFOK5,Sat May 09 13:32:05 PDT 2015,Sat May 09 13:33:23 PDT 2015,2015-05-09 21:37:36 UTC,Apple,199800
33L7PJKHCHBYDP4R62LL7IT859HT8N,A292QSLC0BUT0O,3TFJJUELSH24J92YEWCSJYLHHIBC2B,Sat May 09 12:07:12 PDT 2015,Sat May 09 12:09:48 PDT 2015,2015-05-09 20:12:37 UTC,Apple,199800
35GCEFQ6I618Y47K0DF72PMEAJC3ZM,A3H7A4TTNJVHY6,3P6ENY9P799ZB2RGPRBLH5PEJ6DHI0,Sat May 09 12:13:38 PDT 2015,Sat May 09 12:18:31 PDT 2015,2015-05-09 20:22:36 UTC,Apple,199800
39DD6S19JQOB82NHPXW3LGQB181ZE8,A2T2D6DDA5X5DZ,3RZS0FBRWKN0BG34GUN4FBTASS3PCB,Sat May 09 12:34:53 PDT 2015,Sat May 09 12:35:46 PDT 2015,2015-05-09 20:37:37 UTC,Apple,199800
3PM8NZGV8ZTB0AD7X63IICZECBRQXE,A237FGJCPV99GJ,3EKTG13IZUGNTH0X1ROB1QP2HW5LMQ,Sat May 09 12:08:01 PDT 2015,Sat May 09 12:17:46 PDT 2015,2015-05-09 20:22:36 UTC,Apple,199800
3TY7ZAOG5GXHSH91HPUEDC0U3YIK0P,A1NYV6LPHCYADS,3W31J70BAS9Z0P6O32IWJU7BYIXKC5,Sat May 09 13:52:51 PDT 2015,Sat May 09 13:56:56 PDT 2015,2015-05-09 21:57:39 UTC,Apple,199800
3DI28L7YXBRED629HMNBTM6ZOTPE1Z,A185RLALVDARY9,3ZXV7Q5FJB1OK3EA2RRZ3HF6QMGCFV,Sat May 09 12:05:37 PDT 2015,Sat May 09 12:12:58 PDT 2015,2015-05-09 20:17:36 UTC,Apple,199800
33OOO72IVIY0PSU4NE1Q94PRV04TCV,AJNGIUBDXULG6,3G57RS03HHIJKOTJZMPK5SF7P1P25T,Sat May 09 13:18:03 PDT 2015,Sat May 09 13:19:24 PDT 2015,2015-05-09 21:22:37 UTC,Apple,199800
3I33IC7ZWGFICE3TKLL32MQDVK62AA,A35AG28CQTZVMS,3K2CEDRACBEBCU82A0Q2NHZJB9SMTV,Sat May 09 12:56:59 PDT 2015,Sat May 09 13:00:56 PDT 2015,2015-05-09 21:02:37 UTC,Apple,199800
3K772S5NP9OPHHNNJBQWL9M65ILHE1,A3CWYWKQXX4RIZ,3JU8CV4BRLP1K5076ZWVABNRH6MPO8,Sat May 09 12:23:04 PDT 2015,Sat May 09 12:25:55 PDT 2015,2015-05-09 20:27:38 UTC,Apple,199800
3G5F9DBFOQA6JS99E1F6LDAS5DPVHM,A3CWYWKQXX4RIZ,34O39PNDK6L2DORDFMVY9MN7BPQRBX,Sat May 09 13:14:55 PDT 2015,Sat May 09 13:16:30 PDT 2015,2015-05-09 21:17:39 UTC,Applied Materials,9241
3FPRZHYEPZKRPK2AZGQ4HJ9IM87V3F,A1NV8QXI4FEWWS,36JW4WBR06XF1BPQOJ50E8CM3ELHF9,Sat May 09 13:08:13 PDT 2015,Sat May 09 13:08:27 PDT 2015,2015-05-09 21:12:38 UTC,Applied Materials,9241
3J2UYBXQQMPAT2OCFL0D3TVC23Y606,AM0KMTKJ9VEFP,3QI9WAYOGQO88RAVYKEVOG6BJQZS62,Sat May 09 13:40:02 PDT 2015,Sat May 09 13:40:24 PDT 2015,2015-05-09 21:42:39 UTC,Applied Materials,9241
33IZTU6J82ENDQSKPASNDCEFUZGXSE,AIZT1YYK4AL5L,3O2Y2UIUCQ7631QYU48XR0SEVVPFKB,Sat May 09 14:00:08 PDT 2015,Sat May 09 14:02:39 PDT 2015,2015-05-09 22:07:37 UTC,Applied Materials,9241
3VNL7UK1XGW7S4EEEGRRHAAUSDVFTR,A2T2D6DDA5X5DZ,31KSVEGZ345U1RPOADRUW00SLQ8WRI,Sat May 09 12:36:10 PDT 2015,Sat May 09 12:37:01 PDT 2015,2015-05-09 20:37:38 UTC,Applied Materials,9241
3VJ40NV2QJ01YHR7DJAH44J8KENTOS,AJNGIUBDXULG6,3H6W48L9F429PE99XLN5R50DK8KWPQ,Sat May 09 13:19:25 PDT 2015,Sat May 09 13:21:31 PDT 2015,2015-05-09 21:22:38 UTC,Applied Materials,9241
33C7UALJVMBX45SI4J1B1CADDQT18P,A35AG28CQTZVMS,3SR6AEG6W56L126LT9XO3TJ29PBHY6,Sat May 09 13:16:28 PDT 2015,Sat May 09 13:17:10 PDT 2015,2015-05-09 21:17:39 UTC,Applied Materials,9241
3P1L2B7AD22DF4J24A8QID9RQ1ZOLI,A28OHQUT69VJ0S,3L60IFZKF3VZF7GWJ9T0HTOZJTYHH7,Sat May 09 12:19:35 PDT 2015,Sat May 09 12:20:58 PDT 2015,2015-05-09 20:22:37 UTC,Applied Micro Circuits Corporation,216.15
384PI804XTEFG0M9MY3G4YR4KSUS0D,A1NV8QXI4FEWWS,3XH7ZM9YX27JPVCGH2H2IGSHNPO9R6,Sat May 09 13:28:43 PDT 2015,Sat May 09 13:28:58 PDT 2015,2015-05-09 21:32:39 UTC,Arista Networks,584
33JKGHPFYD7F311B379S31OB0WMMN5,AFFNE5UMFSAXX,36QZ6V1589QTA20WU2CY4MKRMCHUS6,Sat May 09 12:58:01 PDT 2015,Sat May 09 12:59:04 PDT 2015,2015-05-09 21:02:36 UTC,Arista Networks,584
3LRLIPTPERMDTU7J9RR72IC7CKTKAF,A1NV8QXI4FEWWS,39O0SQZVJNKFBCON25JI4K1BSZZR7B,Sat May 09 13:23:14 PDT 2015,Sat May 09 13:23:27 PDT 2015,2015-05-09 21:27:38 UTC,Aruba Networkds,812
3D8YOU6S9FXQ9O0SDSEXS0JJIS0U6V,AT5I4VF891S7I,3S1L4CQSFXI0ROHCIDV8XMPIQJVFAW,Sat May 09 13:23:58 PDT 2015,Sat May 09 13:26:10 PDT 2015,2015-05-09 21:27:39 UTC,ASI Corp.,1.75
3MD9PLUKKJRF280UIWZMB3KKF04NZN,A1NV8QXI4FEWWS,3LOJFQ4BOXS95HC23YD730PTJI9KD5,Sat May 09 13:20:17 PDT 2015,Sat May 09 13:20:28 PDT 2015,2015-05-09 21:22:38 UTC,Atmel Corporation,1413
32Z9ZLUT1MXBT80CDPTSQLGK9KTHO7,A35AG28CQTZVMS,3JYPJ2TAYIL7ESNE7WD5NHEDP5VPFM,Sat May 09 13:23:41 PDT 2015,Sat May 09 13:26:43 PDT 2015,2015-05-09 21:27:40 UTC,Atmel Corporation,1413
3IGI0VL648X334MNGNO5V5DGVW0ONL,A28OHQUT69VJ0S,3D3B8GE8924YDIW14ADDDLS2M709PE,Sat May 09 12:54:41 PDT 2015,Sat May 09 12:56:36 PDT 2015,2015-05-09 20:57:37 UTC,Atmel Corporation,1413
3HMIGG0U4MJUUB3LG88KFZLNKB1Y8J,A2T2D6DDA5X5DZ,3NFWQRSHVER11FUF4DNIT80LOE8FG8,Sat May 09 13:11:29 PDT 2015,Sat May 09 13:15:22 PDT 2015,2015-05-09 21:17:38 UTC,Atmel Corporation,1413
3JBT3HLQF9FF5TC7YBCEFSPFFF7PZN,A2T2D6DDA5X5DZ,3JTPR5MTZSPE14X9OSVO5O1161BK5X,Sat May 09 13:55:27 PDT 2015,Sat May 09 13:56:32 PDT 2015,2015-05-09 21:57:39 UTC,Avago Technologies Limited,4307
3L0KT67Y8FTCDVIUU6EPWQLOW58YSJ,A35AG28CQTZVMS,3UUSLRKAULGLA25IK4OYZVK7DY97DM,Sat May 09 13:19:24 PDT 2015,Sat May 09 13:21:04 PDT 2015,2015-05-09 21:22:38 UTC,Avago Technologies Limited,4307
3JPSL1DZ5TCE10SM64JNUATB6FYNAN,A28OHQUT69VJ0S,3MYASTQBG7OVGKAXG3X4ZM12IO0DQP,Sat May 09 13:34:54 PDT 2015,Sat May 09 13:36:44 PDT 2015,2015-05-09 21:37:37 UTC,Aviat Networks,346
39DD6S19JQOB82NHPXW3LGQB183ZEA,AT5I4VF891S7I,3NKW03WTLMKUPQAOXY2URAQNP46WQH,Sat May 09 13:27:58 PDT 2015,Sat May 09 13:28:55 PDT 2015,2015-05-09 21:32:39 UTC,B.I. Minds Inc.,2.3
3H7XDTSHKD45YLE3K52KMFH5XMEGWI,A1V0NUMA2VA07M,3ABAOCJ4R8HYKEGATWW7ICOWR2TMQH,Sat May 09 12:47:58 PDT 2015,Sat May 09 13:20:21 PDT 2015,2015-05-09 21:22:38 UTC,Balsam Hill Christmas Tree Co,34.7
3R6P78PK7LOD64A9P0X9ZVA6TSXTG6,A35AG28CQTZVMS,3RIHDBQ1NEBL7LH7A69D9YWV0FXMHL,Sat May 09 13:48:08 PDT 2015,Sat May 09 13:49:45 PDT 2015,2015-05-09 21:52:37 UTC,Balsam Hill Christmas Tree Co,34.7
35GMH2SV3FUZ9Y9ANOLM5IJ7H42OEZ,AJNGIUBDXULG6,3FW4EL5A3L1RLRAWH3NM7LCV5RY22S,Sat May 09 14:07:34 PDT 2015,Sat May 09 14:41:08 PDT 2015,2015-05-09 22:42:37 UTC,Barracuda Networks  Inc.,277.45
3OXV7EAXLF36AUN9Y8IW5RTJ5FH630,A28OHQUT69VJ0S,3ZLW647WAL8G696FL31RQVHNB5Y233,Sat May 09 13:11:32 PDT 2015,Sat May 09 13:12:56 PDT 2015,2015-05-09 21:17:37 UTC,Barracuda Networks  Inc.,277.45
32M8BPYGAUZNXQUYVOY5LO8XIBGIGD,A1NV8QXI4FEWWS,3R15W654VD6EEWYPTKVSIZ97RX2LQD,Sat May 09 13:16:35 PDT 2015,Sat May 09 13:16:57 PDT 2015,2015-05-09 21:17:39 UTC,Bio-Rad Laboratories,2175
30IQTZXKALJNCH88G893368WZ7TX0N,A28OHQUT69VJ0S,3DTJ4WT8BDS9MIPOZUR1WXVRN3NEZE,Sat May 09 12:37:53 PDT 2015,Sat May 09 12:40:15 PDT 2015,2015-05-09 20:42:39 UTC,Bio-Rad Laboratories,2175
3G5F9DBFOQA6JS99E1F6LDAS5DPHV8,AFFNE5UMFSAXX,32FESTC2NH3D3LB0XGMYPHG909VCUU,Sat May 09 13:03:23 PDT 2015,Sat May 09 13:03:45 PDT 2015,2015-05-09 21:07:37 UTC,Box,70
3K4J6M3CXF68R8B0J06S4QKE53BAG1,A1NV8QXI4FEWWS,3PUOXASB57GSRMY7RJBF4JUGW679ZZ,Sat May 09 13:15:30 PDT 2015,Sat May 09 13:16:04 PDT 2015,2015-05-09 21:17:39 UTC,Brocade Communications,2223
3QJOXOW4XK4B9VOYA869DEU2M4MEM9,A3CWYWKQXX4RIZ,3RHLQY6EDTHORFNZI6QRWJ0XMWJ4DZ,Sat May 09 13:16:31 PDT 2015,Sat May 09 13:17:36 PDT 2015,2015-05-09 21:22:36 UTC,Brocade Communications,2223
34Z02EIMITQGV0ZOBY86E3NQMB9T04,AIZT1YYK4AL5L,3W5PY7V3UPKHS81BH909F6ZHMHFJYD,Sat May 09 14:02:47 PDT 2015,Sat May 09 14:04:19 PDT 2015,2015-05-09 22:07:38 UTC,Brocade Communications,2223
3M1CVSFP61IZ4X5EMWB4Y4OGBQJQAB,A2T2D6DDA5X5DZ,3S4TINXCC00ZGBZXNUEUFRI2026OBL,Sat May 09 12:37:04 PDT 2015,Sat May 09 12:37:53 PDT 2015,2015-05-09 20:42:39 UTC,Brocade Communications,2223
3OLQQLKKNT2L8NID7BTHXM2LIAREJ5,A35AG28CQTZVMS,3K3IX1W4S64CI166WGRD9G3MSPIPA9,Sat May 09 13:15:53 PDT 2015,Sat May 09 13:16:27 PDT 2015,2015-05-09 21:17:39 UTC,Brocade Communications,2223
3RGU30DZTBLJKBAQO9H0AU7URCIJMZ,AT5I4VF891S7I,3B286OTISEUGWQ3813MTCKHAJQBJA2,Sat May 09 13:14:17 PDT 2015,Sat May 09 13:15:31 PDT 2015,2015-05-09 21:17:38 UTC,C.H. Reynolds Electric Inc.,59.87
3YDTZAI2WYTWL45GSGBYK0U8B4X41L,A1NV8QXI4FEWWS,3T2HW4QDUVKFJTNXZ5R7TLTVNOL9C0,Sat May 09 13:19:09 PDT 2015,Sat May 09 13:19:26 PDT 2015,2015-05-09 21:22:37 UTC,Cadence Design Systems,1581
3KWTYT0871GR7UDKZVCR979096WL5C,A2T2D6DDA5X5DZ,32W3UF2EZOYEMNHLIAVGCDIF1W74CZ,Sat May 09 13:19:38 PDT 2015,Sat May 09 13:20:03 PDT 2015,2015-05-09 21:22:37 UTC,Cadence Design Systems,1581
33LKR6A5KFXG2PK67HC6S860R3ET16,A35AG28CQTZVMS,3SCKNODZ0XTUWEWV9Y21V0W1R2B7N4,Sat May 09 13:44:34 PDT 2015,Sat May 09 13:46:00 PDT 2015,2015-05-09 21:47:40 UTC,Cadence Design Systems,1581
3EFVCAY5L4M4ZM8MU87H5C6Z77SJ8A,AT5I4VF891S7I,33W1NHWFYHYBB17LPPGWVJVSQD9TZI,Sat May 09 13:26:20 PDT 2015,Sat May 09 13:27:46 PDT 2015,2015-05-09 21:32:38 UTC,Caspio Inc.,5
3ZQIG0FLQFTOGI4Y9016MGKFK13VWN,A28OHQUT69VJ0S,338431Z1FLSMWIGMJR0KF6N6IO9RO1,Sat May 09 13:49:58 PDT 2015,Sat May 09 13:51:03 PDT 2015,2015-05-09 21:52:38 UTC,Cavium Inc.,372.98
34MAJL3QP50SV7JVFKPH8T959OB43D,AT5I4VF891S7I,3R5OYNIC2CMHXX5F2GIU4LTEGE2TPX,Sat May 09 13:19:32 PDT 2015,Sat May 09 13:20:28 PDT 2015,2015-05-09 21:22:38 UTC,Centrify Corporation,38.5
3YDTZAI2WYTWL45GSGBYK0U8B4Z14K,A28OHQUT69VJ0S,31N9JPQXIPVRP327M7ODMDLV557HNG,Sat May 09 14:08:05 PDT 2015,Sat May 09 14:09:15 PDT 2015,2015-05-09 22:12:39 UTC,Cepheid,470.17
3HWRJOOET6FE7Q13U52VPNT8ET3SEY,AFFNE5UMFSAXX,3X878VYTIEVI8MJEBAJONVNSPBPF75,Sat May 09 13:04:56 PDT 2015,Sat May 09 13:05:22 PDT 2015,2015-05-09 21:07:38 UTC,Chegg Inc.,304.83
3TE3O85731LABVPAMW7PXCFNVOU2RI,A28OHQUT69VJ0S,3511RHPADVREQXDP6ZKSNPJCNJ4RLK,Sat May 09 12:25:07 PDT 2015,Sat May 09 12:27:07 PDT 2015,2015-05-09 20:27:38 UTC,Chegg Inc.,304.83
33C7UALJVMBX45SI4J1B1CADDQT81W,AM0KMTKJ9VEFP,3538U0YQ1F7073IR9YGYAEBCK93F30,Sat May 09 13:40:25 PDT 2015,Sat May 09 13:40:49 PDT 2015,2015-05-09 21:42:39 UTC,Cisco Systems,48083
384PI804XTEFG0M9MY3G4YR4KSTS0C,A2WKZI3JQCE3Z6,3TRB893CSJNOMMF9MUP65GN4QQP7GW,Sat May 09 12:57:07 PDT 2015,Sat May 09 13:03:51 PDT 2015,2015-05-09 21:07:37 UTC,Cisco Systems,48083
35DR22AR5EXJT975ZVRM54632JG3XR,A3CWYWKQXX4RIZ,3ZUE82NE0AEM80OXLFBU1VJN0VVF8S,Sat May 09 13:17:37 PDT 2015,Sat May 09 13:18:55 PDT 2015,2015-05-09 21:22:37 UTC,Cisco Systems,48083
3IFS6Q0HJJWQNV3PQOSMA2R06MASI7,A1NV8QXI4FEWWS,3KA7IJSNW6IH1BBY2UR94RNSA73PB4,Sat May 09 13:05:54 PDT 2015,Sat May 09 13:06:46 PDT 2015,2015-05-09 21:07:38 UTC,Cisco Systems,48083
3LPW2N6LKUFUQK0E894S0U5JMXOU5E,A1CB33BUZQHRM9,3VP28W7DUNX1SWPKU5B7EFGRZ41ZFG,Sat May 09 12:56:00 PDT 2015,Sat May 09 12:57:11 PDT 2015,2015-05-09 20:57:37 UTC,Cisco Systems,48083
3ND9UOO81LFLKDS4VWZ0Z7MDT31LWU,AQ4DKMXF2AUV8,3PMR2DOWOOETN2863088Y7C59FL54S,Sat May 09 13:52:08 PDT 2015,Sat May 09 13:53:31 PDT 2015,2015-05-09 21:57:39 UTC,Cisco Systems,48083
3AAJC4I4FH5JJI993Y7UIW336G2JZI,A1EHP8HYCUPRJ9,3UQVX1UPFSUKPH7I2GJ8OXJG8TE026,Sat May 09 14:11:51 PDT 2015,Sat May 09 14:12:48 PDT 2015,2015-05-09 22:17:38 UTC,Cisco Systems,48083
3WOKGM4L72T0I8UGFHM7KTH3N3SO0D,AIZT1YYK4AL5L,374UMBUHN52Y38WBXBWOKLU7HVOCT3,Sat May 09 14:04:26 PDT 2015,Sat May 09 14:06:31 PDT 2015,2015-05-09 22:07:38 UTC,Cisco Systems,48083
37C0GNLMHGG4SMP6RXO8I0FVWS46DW,A185RLALVDARY9,37YYO3NWHD3HHRU0BP1YVBU3T9OCCK,Sat May 09 12:19:15 PDT 2015,Sat May 09 12:22:21 PDT 2015,2015-05-09 20:22:37 UTC,Cisco Systems,48083
3RYC5T2D746632QGOUI1TPNG6YMPRS,A35AG28CQTZVMS,3EKTG13IZUGNTH0X1ROB1QP2HW6MLS,Sat May 09 13:04:36 PDT 2015,Sat May 09 13:05:14 PDT 2015,2015-05-09 21:07:38 UTC,Cisco Systems,48083
3PPTZCWALRX055DMYOR3FXFPKBPZQK,A2T2D6DDA5X5DZ,3TUOHPJXYHAEYNB0JCXMLIMGM7TWXE,Sat May 09 12:38:04 PDT 2015,Sat May 09 12:38:46 PDT 2015,2015-05-09 20:42:39 UTC,Cisco Systems,48083
3ZDAD0O1T2QOSQ5ZEAXDNHA1WISTXX,AJNGIUBDXULG6,3J6BHNX0U95IRT3FSSRAZ51NXMBKNN,Sat May 09 13:21:31 PDT 2015,Sat May 09 13:23:31 PDT 2015,2015-05-09 21:27:38 UTC,Cisco Systems,48083
3PDJHANYK6TL42U8DT7Y9LUTOKXH6G,A237FGJCPV99GJ,3WRKFXQBOBKLXXH5ZRF935KH92PIYZ,Sat May 09 12:17:47 PDT 2015,Sat May 09 12:18:52 PDT 2015,2015-05-09 20:22:36 UTC,Cisco Systems,48083
33L7PJKHCHBYDP4R62LL7IT859KT8Q,AT5I4VF891S7I,3D4BBDG7ZH9T4RYHIWQX28Q9NWBC3M,Sat May 09 13:46:42 PDT 2015,Sat May 09 13:47:14 PDT 2015,2015-05-09 21:47:41 UTC,Clever Girls Collective Inc.,2.2
3D4CH1LGEB6UMP1VRUSS8V9UZLUG9T,AT5I4VF891S7I,3XEDXEGFX31F6XB8RMPCOT5APT0K0C,Sat May 09 13:38:46 PDT 2015,Sat May 09 13:39:24 PDT 2015,2015-05-09 21:42:38 UTC,ClickAway,20.3
3QFUFYSY9ZSNBJZOZFQJ92Y2CEFF4W,AFFNE5UMFSAXX,38XPGNCKHTDALWNL9RQL2564M3N4VY,Sat May 09 13:06:52 PDT 2015,Sat May 09 13:07:29 PDT 2015,2015-05-09 21:07:39 UTC,Cloudera,100
3TMSXRD2X7D8U6O02MHHFSDZVXVW1Y,A1NV8QXI4FEWWS,389A2A304OVXNZZKZ98E0AS2KKRC0R,Sat May 09 13:23:28 PDT 2015,Sat May 09 13:23:39 PDT 2015,2015-05-09 21:27:38 UTC,Coherent,802
3NQL1CS15SLS5NZYO1JU7D5VV92VYL,AT5I4VF891S7I,35XW21VSVGRQRCD2LOKXDZO89LNLS2,Sat May 09 13:20:32 PDT 2015,Sat May 09 13:21:38 PDT 2015,2015-05-09 21:22:39 UTC,Commercial Casework Inc.,140
3CCZ6YKWR8WW6SCBAY914YI59CG590,AT5I4VF891S7I,3P888QFVX37MKH1M6CBKAGD1M27OQX,Sat May 09 13:39:42 PDT 2015,Sat May 09 13:40:18 PDT 2015,2015-05-09 21:42:39 UTC,Cosmopolitan Catering,9.7
3VNXK88KKDVD4MRQGPRE8WC4M0H9VA,A28OHQUT69VJ0S,37ZQELHEQ0BDHH3ID44QEITRMR6MNU,Sat May 09 13:06:21 PDT 2015,Sat May 09 13:07:42 PDT 2015,2015-05-09 21:12:38 UTC,Coupons.com Inc,221.76
3YHH42UU5CSSCNRJ2P6FSCD9SYN0L8,AT5I4VF891S7I,3XDJY5RK5SYA8HYL41GG6J4L8WE4U9,Sat May 09 13:34:57 PDT 2015,Sat May 09 13:35:37 PDT 2015,2015-05-09 21:37:37 UTC,cPrime Inc.,20.7
358UUM7WR0GHXWMGS8OKT3WV64FR7M,A1V0NUMA2VA07M,3DQYSJDTYLOKHNP9YC3GZCFGF3PEXH,Sat May 09 12:47:54 PDT 2015,Sat May 09 13:18:52 PDT 2015,2015-05-09 21:22:37 UTC,Cucumbertown Inc,0.3
35GMH2SV3FUZ9Y9ANOLM5IJ7H40OEX,A1NV8QXI4FEWWS,3DWNFENNE381U1NRS2C2ZHVARGG4JD,Sat May 09 13:25:34 PDT 2015,Sat May 09 13:25:51 PDT 2015,2015-05-09 21:27:39 UTC,Cypress Semiconductor,725
3LUY3GC630DWLJ61FGKVO8WG5MTP7U,A35AG28CQTZVMS,3MVY4USGB60O1B5W0LNKLJWGSHTISL,Sat May 09 13:28:08 PDT 2015,Sat May 09 13:28:33 PDT 2015,2015-05-09 21:32:39 UTC,Cypress Semiconductor,725
386CSBG1O0ZYHVTBWJUSIZMUF7V6Q3,A2T2D6DDA5X5DZ,3XWUWJ18TL39PFS0J77YJN2F792UUM,Sat May 09 13:20:22 PDT 2015,Sat May 09 13:20:59 PDT 2015,2015-05-09 21:22:38 UTC,Cypress Semiconductor,725
392CY0QWG247LA1E0NW4CZBUS68I4R,AT5I4VF891S7I,3R16PJFTS34W5LT9ANCE0WVN65G4KC,Sat May 09 13:31:01 PDT 2015,Sat May 09 13:31:44 PDT 2015,2015-05-09 21:32:42 UTC,Daley's Drywall & Taping Inc.,47.9
3PW9OPU9PRXMIQQTO2SARLXARQ221O,A28OHQUT69VJ0S,38RHULDV9YSH8SM5KQXLI8Z1YUPIW0,Sat May 09 13:54:16 PDT 2015,Sat May 09 13:55:22 PDT 2015,2015-05-09 21:57:39 UTC,Depomed Inc.,390.36
37UEWGM5HUL3MA7E3S7BST5I3IH1R1,A1NV8QXI4FEWWS,3W1K7D6QSBUBFFD4P3PBVPP6K69ZBY,Sat May 09 13:22:26 PDT 2015,Sat May 09 13:22:44 PDT 2015,2015-05-09 21:27:37 UTC,Dolby Laboratories,963
3M1CVSFP61IZ4X5EMWB4Y4OGBQIAQU,A3CWYWKQXX4RIZ,31S7M7DAGG3R6CQHAOPNN4KUB41LTR,Sat May 09 12:10:07 PDT 2015,Sat May 09 12:11:08 PDT 2015,2015-05-09 20:12:38 UTC,Dream Careers Inc.,10.9
3A4TN5196LVAKJ39NKK1VLM3K68CH3,A3CWYWKQXX4RIZ,3ZVPAMTJWNGY45ZOV8NCAXE4R2IRGE,Sat May 09 12:32:59 PDT 2015,Sat May 09 12:34:15 PDT 2015,2015-05-09 20:37:37 UTC,E*TRADE,1723
3NGI5ARFTUIIAXRZQ03MNY5320S1P8,A1CB33BUZQHRM9,3HKIF5DF6YAS05321RNQJCEALGD9GA,Sat May 09 12:47:46 PDT 2015,Sat May 09 12:51:49 PDT 2015,2015-05-09 20:52:37 UTC,eBay,17940
3RXPCZQMQQOCXKY0NHDZTPRB1961G5,A3CWYWKQXX4RIZ,3FCO4VKOZ4QQ28JIGZZI5D2SDAA7EF,Sat May 09 13:18:56 PDT 2015,Sat May 09 13:20:17 PDT 2015,2015-05-09 21:22:38 UTC,eBay,17940
3FE2ERCCZYL36PY0W21XZUIBVB3OPJ,A2WKZI3JQCE3Z6,3B6F54KMR2PD159YSE2ETKFUBFJS14,Sat May 09 13:57:34 PDT 2015,Sat May 09 13:59:15 PDT 2015,2015-05-09 22:02:36 UTC,eBay,17940
3NXNZ5RS1BABTWQUYROY2IW10IC97K,AQ4DKMXF2AUV8,3FJ2RVH25ZJ2LBVV2C21H8K9BX829K,Sat May 09 13:53:32 PDT 2015,Sat May 09 13:54:44 PDT 2015,2015-05-09 21:57:39 UTC,eBay,17940
3LEIZ60CDKCUD6W0HMGHT2P0ABN9ZA,A1NV8QXI4FEWWS,3TX9T2ZCB9E33IBFKUL7I32RU7RZWE,Sat May 09 13:07:26 PDT 2015,Sat May 09 13:07:43 PDT 2015,2015-05-09 21:12:38 UTC,eBay,17940
3CFVK00FWMYNQYDY4EMW1DN0518L6T,AM0KMTKJ9VEFP,3KTZHH2ONISSEAGE72F7WL3WXW6M85,Sat May 09 13:40:50 PDT 2015,Sat May 09 13:41:13 PDT 2015,2015-05-09 21:42:39 UTC,eBay,17940
3SKRO2GZ724HZ6UJD8YERHJ48QPK1T,A1EHP8HYCUPRJ9,30U1YOGZGA97T0PA87M9UMG30CMSDU,Sat May 09 14:12:49 PDT 2015,Sat May 09 14:13:40 PDT 2015,2015-05-09 22:17:38 UTC,eBay,17940
37Q970SNZFLFNP7RIH7GI3AEPK01SP,AJNGIUBDXULG6,3U74KRR67MYHUCT2M1520WOJGZ1TN1,Sat May 09 13:23:32 PDT 2015,Sat May 09 13:24:33 PDT 2015,2015-05-09 21:27:39 UTC,eBay,17940
3OONKJ5DKDW12VXQDXJW4ADME7MBOJ,A237FGJCPV99GJ,3MXX6RQ9EVIXGCQPNFHMWDHM0FM4PD,Sat May 09 12:18:53 PDT 2015,Sat May 09 12:19:52 PDT 2015,2015-05-09 20:22:36 UTC,eBay,17940
3BF51CHDTWNQQR8TB4RH0KK2BHDH0H,A35AG28CQTZVMS,3BC9H1KCYUP3YS1AO8JO4WTPODNWYK,Sat May 09 13:14:52 PDT 2015,Sat May 09 13:15:52 PDT 2015,2015-05-09 21:17:39 UTC,eBay,17940
3U84XHCDIDQTG0QO0RKQCUEKOJ7Z42,A185RLALVDARY9,3E9ZFLPWOY5WXSRVUVT7KRD87WWXI9,Sat May 09 12:30:21 PDT 2015,Sat May 09 12:31:11 PDT 2015,2015-05-09 20:32:38 UTC,eBay,17940
3E1QT0TDFQM84BOGCQMHTBRZUS2I8W,A2T2D6DDA5X5DZ,31D0ZWOD0AC9UK2MFVCNUF2EKH70AE,Sat May 09 12:38:50 PDT 2015,Sat May 09 12:39:29 PDT 2015,2015-05-09 20:42:39 UTC,eBay,17940
3N4BPTXIO95X83LHFW8Y2JO1JNKKUQ,A1NV8QXI4FEWWS,3M7OI89LVY1S1ALZ1YOV9B2TXNDC6S,Sat May 09 13:12:09 PDT 2015,Sat May 09 13:12:24 PDT 2015,2015-05-09 21:12:40 UTC,Electronic Arts,4453
3ZSY5X72NYOOI2EF9U5M4PIQWTSORC,A1NYV6LPHCYADS,3LXX8KJXPWMGSIK0PA0YOLNCC23O9B,Sat May 09 14:12:45 PDT 2015,Sat May 09 14:18:58 PDT 2015,2015-05-09 22:22:39 UTC,Electronic Arts,4453
3WMOAN2SRCAYTOVKHZAJQX7ORPWNVL,A3CWYWKQXX4RIZ,3ZICQFRS31V7XDGKVH5EH7W9B9VZZ4,Sat May 09 12:03:56 PDT 2015,Sat May 09 12:07:34 PDT 2015,2015-05-09 20:07:37 UTC,Electronic Arts,4453
33NF62TLXKFOUNAN3X4KVHFQ27OKJW,A35AG28CQTZVMS,3QE4DGPGBROR3ZXQKWRZ243UZOZ4G9,Sat May 09 13:57:34 PDT 2015,Sat May 09 13:59:15 PDT 2015,2015-05-09 22:02:36 UTC,Electronic Arts,4453
3RRCEFRB7NPXY2N8UD4NQC7HXGNB4A,A2T2D6DDA5X5DZ,3PEG1BH7AE4GQKEIP2M18A1TGXXKBY,Sat May 09 12:40:21 PDT 2015,Sat May 09 12:40:48 PDT 2015,2015-05-09 20:42:39 UTC,Electronic Arts,4453
3RRCEFRB7NPXY2N8UD4NQC7HXGO4B4,A1NV8QXI4FEWWS,30ZKOOGW2WJ919N4BEGN8KLOP9CA1Q,Sat May 09 13:23:56 PDT 2015,Sat May 09 13:24:11 PDT 2015,2015-05-09 21:27:39 UTC,Electronics for Imaging,790
3VZLGYJEYMNKE2EYK2MV95BIHECXZF,A3CWYWKQXX4RIZ,3DWGDA5POFHTTXQ2M97J47Z1AJD1VI,Sat May 09 12:08:09 PDT 2015,Sat May 09 12:09:49 PDT 2015,2015-05-09 20:12:37 UTC,Equinix,2444
3GLB5JMZFY86PFEC3AXUURSKQ69GDA,AM0KMTKJ9VEFP,32LAQ1JNT92UP2DBJ2HOERGDOVUTUT,Sat May 09 13:41:14 PDT 2015,Sat May 09 13:41:37 PDT 2015,2015-05-09 21:42:39 UTC,Equinix,2444
3LWJHTCVCDZU0OMMXCXWC5Z786XFQE,A1NV8QXI4FEWWS,3U18MJKL1UZ08VRR0FACBMOFSD2CN2,Sat May 09 13:14:24 PDT 2015,Sat May 09 13:14:37 PDT 2015,2015-05-09 21:17:38 UTC,Equinix,2444
3TXWC2NHN03XCUAMMUM9X9SXNWO9S6,AJNGIUBDXULG6,3CRWSLD91KHVZ23UEJ43T7TWC1AOMA,Sat May 09 13:24:34 PDT 2015,Sat May 09 13:26:56 PDT 2015,2015-05-09 21:27:40 UTC,Equinix,2444
3T3IWE1XG704JT4NSW2LT9E8ZF5QTX,A2T2D6DDA5X5DZ,3YLPJ8OXX8Q2PLSG96R3QQ3P2EV4X1,Sat May 09 13:21:56 PDT 2015,Sat May 09 13:22:15 PDT 2015,2015-05-09 21:22:39 UTC,Extreme Networks,581
3FIJLY1B6VH90CL7XZI7C09X3ACFPO,A1NV8QXI4FEWWS,3JVP4ZJHDP5O02LKRJ40BDQXXPBI0Z,Sat May 09 13:28:59 PDT 2015,Sat May 09 13:29:14 PDT 2015,2015-05-09 21:32:39 UTC,Extreme Networks,581
3C2NJ6JBKBUPWXXITPQ8OSADUR6N2G,A35AG28CQTZVMS,37NXA7GVSTJ6J4U6FJP2OM8F8PHLV7,Sat May 09 13:28:33 PDT 2015,Sat May 09 13:29:26 PDT 2015,2015-05-09 21:32:40 UTC,Extreme Networks,581
3TPZPLC3M1PEK05ED4H5BRK00K63P2,A3CWYWKQXX4RIZ,3R0WOCG21MMN8DHEXCH99NYRL96DUU,Sat May 09 12:40:29 PDT 2015,Sat May 09 12:41:17 PDT 2015,2015-05-09 20:42:40 UTC,Facebook,12466
36WLNQG780NFQ4K1JJG0ZYJ8A5IBEH,AJNGIUBDXULG6,3RWSQDNYL9ZVNFYKTTH0BN09NZ8FF9,Sat May 09 13:07:53 PDT 2015,Sat May 09 13:09:05 PDT 2015,2015-05-09 21:12:39 UTC,Facebook,12466
3AUQQEL7U66V8S3DGT8LFLBBJWPV0M,A2WKZI3JQCE3Z6,3XBYQ44Z6PH7H62GE2WPWF1A9B5TWS,Sat May 09 13:59:16 PDT 2015,Sat May 09 14:01:46 PDT 2015,2015-05-09 22:02:37 UTC,Facebook,12466
3BQU611VFQXF7FENDOMIGEN7V8099W,AQ4DKMXF2AUV8,3UEDKCTP9V3TO8BSCLAL38FXX767KZ,Sat May 09 13:54:45 PDT 2015,Sat May 09 13:55:39 PDT 2015,2015-05-09 21:57:39 UTC,Facebook,12466
3FIUS151DWF91ZO350Y20CVH3YPGGK,AM0KMTKJ9VEFP,31SIZS5W59SPHUT2Y4SO4BI6XPRRQ9,Sat May 09 13:41:38 PDT 2015,Sat May 09 13:42:00 PDT 2015,2015-05-09 21:42:39 UTC,Facebook,12466
3WOKGM4L72T0I8UGFHM7KTH3N3R0OO,A1NV8QXI4FEWWS,391JB9X4ZYLC9BIFGRCAMQCNSW1KMN,Sat May 09 13:07:57 PDT 2015,Sat May 09 13:08:12 PDT 2015,2015-05-09 21:12:38 UTC,Facebook,12466
3OUYGIZWR8BI386HUHZM9TMTX8OP0V,A1EHP8HYCUPRJ9,3IYI9285WSD4P506LHIKIF7YJTWJC4,Sat May 09 14:13:41 PDT 2015,Sat May 09 14:14:34 PDT 2015,2015-05-09 22:17:39 UTC,Facebook,12466
35H6S234SBD9O9ADCR6PKOR3JB656N,A2T2D6DDA5X5DZ,3KLL7H3EGDE4X8BGOYA4WUF8R89HVX,Sat May 09 12:40:50 PDT 2015,Sat May 09 12:41:36 PDT 2015,2015-05-09 20:42:40 UTC,Facebook,12466
3GU1KF0O4JEJNV9RSXWBTAICOCIBP0,A237FGJCPV99GJ,3XUY87HIVPR7ZZII13PQ134RH1WMMU,Sat May 09 12:19:53 PDT 2015,Sat May 09 12:21:17 PDT 2015,2015-05-09 20:22:37 UTC,Facebook,12466
3EF8EXOTT28MOMO1VNY2Q2JRT1MJ1Q,A1NV8QXI4FEWWS,3TX9T2ZCB9E33IBFKUL7I32RU7RWZB,Sat May 09 13:23:40 PDT 2015,Sat May 09 13:23:55 PDT 2015,2015-05-09 21:27:38 UTC,Fair Isaac,794
3E4GGUZ1T94OORCFWCYSW0T90W1K28,A1NV8QXI4FEWWS,30UZJB2POHP856P23M3PO2KZVFP537,Sat May 09 13:19:42 PDT 2015,Sat May 09 13:19:59 PDT 2015,2015-05-09 21:22:37 UTC,Fairchild Semiconductor,1433
3V5Q80FXIY4IST48B66TFEC7PAF23F,A35AG28CQTZVMS,34OWYT6U3WU6WW9XRFNT4ORQ0T59I2,Sat May 09 13:29:27 PDT 2015,Sat May 09 13:30:12 PDT 2015,2015-05-09 21:32:41 UTC,Fairchild Semiconductor,1433
3JAOYWH7VJHA8HFW2LP8LNE2V2G9LS,A2T2D6DDA5X5DZ,379OL9DBSSRSMWO2VX9WQCLEQC39Y8,Sat May 09 13:22:18 PDT 2015,Sat May 09 13:23:04 PDT 2015,2015-05-09 21:27:38 UTC,Fairchild Semiconductor,1433
3OS46CRSLGCQM3PSIIO2OML2WZA6VX,A1NV8QXI4FEWWS,359AP8GAGGXB5AZ4K8TNFP2PSYX7CM,Sat May 09 13:21:39 PDT 2015,Sat May 09 13:21:53 PDT 2015,2015-05-09 21:22:39 UTC,Finisar,1237
3X65QVEQI10C6FMZE5ZZNDFA1NKCLD,A28OHQUT69VJ0S,3EQPA8A3749HXYBGDV2STD8JSBJJZ4,Sat May 09 13:57:51 PDT 2015,Sat May 09 13:58:55 PDT 2015,2015-05-09 22:02:36 UTC,FireEye,425.66
3KYQYYSHYWKUHSVARTA2Z01MHSYOD3,A1V0NUMA2VA07M,367O8HRHKGLUT46HFWLGRIMXNZT4ST,Sat May 09 12:48:07 PDT 2015,Sat May 09 13:25:00 PDT 2015,2015-05-09 21:27:39 UTC,Firetide,0.13
39U1BHVTDM4CCSYLULQPG1LXPNS3T8,A28OHQUT69VJ0S,3W0XM68YZP8FDMWQN5TC2YOKUL6K1F,Sat May 09 13:17:25 PDT 2015,Sat May 09 13:18:47 PDT 2015,2015-05-09 21:22:37 UTC,Formfactor  Inc,268.5
3YGXWBAF71UG87FE8D0I1WDZF1O4CB,A1NV8QXI4FEWWS,3YGYP13641M4EXGAIC070HN1SE4RNM,Sat May 09 13:24:26 PDT 2015,Sat May 09 13:24:40 PDT 2015,2015-05-09 21:27:39 UTC,Fortinet,770
3YDGXNSEO07EW4P1R1KDZAHGPA3485,A2T2D6DDA5X5DZ,3Z56AA6EK4D5AWXQENI9C775R1GM6J,Sat May 09 13:23:15 PDT 2015,Sat May 09 13:24:38 PDT 2015,2015-05-09 21:27:39 UTC,Foundry Networks,607
39GHHAVOMG43GLLKI5H4O0QU5LXJ44,A2T2D6DDA5X5DZ,3GKAWYFRAP6AG89IGQIFZHBSDSFPDB,Sat May 09 13:49:39 PDT 2015,Sat May 09 13:50:01 PDT 2015,2015-05-09 21:52:37 UTC,Fry's Electronics  Inc.,2000
32N49TQG3HVR951V8V5E4RNOSIZAVQ,A28OHQUT69VJ0S,3EGKVCRQFW5BAP3ZTHNSHIG4EC6BYK,Sat May 09 13:21:39 PDT 2015,Sat May 09 13:22:44 PDT 2015,2015-05-09 21:27:38 UTC,Genomic Health,275.71
33M4IA01QHEBCBS7ALSIN29J8XTXRM,A28OHQUT69VJ0S,3DIIW4IV8P85ZQ3LAKR2NGGAE1R4I1,Sat May 09 12:04:40 PDT 2015,Sat May 09 12:07:17 PDT 2015,2015-05-09 20:07:37 UTC,Gigamon Inc,157.13
37XITHEISXMN9DHCJPWV9PO97F7CR1,A2WKZI3JQCE3Z6,3SMIWMMK61IMHJH5E7MZ1BNCSPCWUM,Sat May 09 13:03:52 PDT 2015,Sat May 09 13:22:44 PDT 2015,2015-05-09 21:27:37 UTC,Gilead Sciences,24890
34S6N1K2ZWW3NNXF0XD0Y4CQEFPHLR,AQ4DKMXF2AUV8,3OID399FXGKYPVKO2NMANNXOBMSFDY,Sat May 09 13:55:40 PDT 2015,Sat May 09 13:57:07 PDT 2015,2015-05-09 21:57:40 UTC,Gilead Sciences,24890
3UXUOQ9OKFAPYF0ZQX2YYD7L60V7AY,A1EHP8HYCUPRJ9,3OLZC0DJ8JS4T3M0UGSPW6GNRLNIVQ,Sat May 09 14:14:35 PDT 2015,Sat May 09 14:15:39 PDT 2015,2015-05-09 22:17:39 UTC,Gilead Sciences,24890
3YZ8UPK3VUZFP59TNJR0E0BTEEBCU5,A1NV8QXI4FEWWS,3E22YV8GG1JJ2K0V5KWIVMNMRWHPNT,Sat May 09 13:07:08 PDT 2015,Sat May 09 13:07:26 PDT 2015,2015-05-09 21:07:39 UTC,Gilead Sciences,24890
3TGOYF991YZBBZQT9AC086XZLEHUUW,A237FGJCPV99GJ,3VJ4PFXFJ3KPA6E2D2Q7JMQL069UA9,Sat May 09 12:21:19 PDT 2015,Sat May 09 12:23:52 PDT 2015,2015-05-09 20:27:38 UTC,Gilead Sciences,24890
3QILPRALQ680ICZ796Z9YJNGGRX8N3,A28OHQUT69VJ0S,39I4RL8QGJU53VS1429HN4FVEOC4H8,Sat May 09 12:44:55 PDT 2015,Sat May 09 12:47:52 PDT 2015,2015-05-09 20:52:37 UTC,Glu Mobile,223.15
34X6J5FLPUBA5Q8IG2OHR3RZ1DHJQO,A35AG28CQTZVMS,3QD8LUVX4XBKL4WGNBADVI932APX5Y,Sat May 09 14:09:31 PDT 2015,Sat May 09 14:10:24 PDT 2015,2015-05-09 22:12:39 UTC,Glu Mobile,223.15
3L2IS5HSFBVYG96KC90EUB55DIQNUZ,AT5I4VF891S7I,3CVDZS288HD1TPQ1FGLD6DKIK0KMFN,Sat May 09 13:44:19 PDT 2015,Sat May 09 13:44:53 PDT 2015,2015-05-09 21:47:40 UTC,Good Technology Corporation,160.38
3JBT3HLQF9FF5TC7YBCEFSPFFF6PZM,A2WKZI3JQCE3Z6,3VAOOVPI3Z53NZIC1FNW1DADHRFLLO,Sat May 09 13:41:17 PDT 2015,Sat May 09 13:50:58 PDT 2015,2015-05-09 21:52:38 UTC,Google,66001
31Q0U3WYDQST4RNZUE95NCEI26O173,AM0KMTKJ9VEFP,34XASH8KLQZDK2FVTJHII7YMM67MPQ,Sat May 09 13:42:01 PDT 2015,Sat May 09 13:42:24 PDT 2015,2015-05-09 21:42:40 UTC,Google,66001
3A4TN5196LVAKJ39NKK1VLM3K6BCH6,AQ4DKMXF2AUV8,3UEDKCTP9V3TO8BSCLAL38FXX76K7C,Sat May 09 13:57:08 PDT 2015,Sat May 09 13:58:59 PDT 2015,2015-05-09 22:02:36 UTC,Google,66001
3GD6L00D3TACPUUMYKBU6UB8XVHM1X,A389B2JAHB845F,3QX22DUVOOUQPMCRFVQHOZN48U8MVB,Sat May 09 13:33:24 PDT 2015,Sat May 09 13:34:55 PDT 2015,2015-05-09 21:37:36 UTC,Google,66001
32VNZTT0A8HKE94XQAQDQRCLF2Q4RG,A1NV8QXI4FEWWS,3SU800BH865HXMLJ2YNT9M5Q4OWUQH,Sat May 09 12:55:11 PDT 2015,Sat May 09 12:55:27 PDT 2015,2015-05-09 20:57:36 UTC,Google,66001
3W92K5RLWVUU3ZPEDZEXWG7204XV54,A3CWYWKQXX4RIZ,3SZYX62S5GDQ6PQP5Y6F1JWF0HB57C,Sat May 09 12:28:14 PDT 2015,Sat May 09 12:30:20 PDT 2015,2015-05-09 20:32:38 UTC,Google,66001
35H6S234SBD9O9ADCR6PKOR3JB665O,A185RLALVDARY9,3RQVKZ7ZRKWY7S72NF4H3CT3G7K72D,Sat May 09 12:14:54 PDT 2015,Sat May 09 12:16:42 PDT 2015,2015-05-09 20:17:36 UTC,Google,66001
3QIYRE09Y4UI7CFMALQUJ9082LRN1Y,A35AG28CQTZVMS,3IVEC1GSLPCK22Q85KT01JO7FW5J1E,Sat May 09 13:06:37 PDT 2015,Sat May 09 13:07:19 PDT 2015,2015-05-09 21:07:38 UTC,Google,66001
36NEMU28XGQ5QVAPV80FZK12T8RMWX,AJNGIUBDXULG6,37VHPF5VYCGF5O4NUDLTTPYK3I3C8E,Sat May 09 13:26:56 PDT 2015,Sat May 09 13:28:19 PDT 2015,2015-05-09 21:32:39 UTC,Google,66001
36V4Q8R5ZLD06YE3JZ197VJG578QMV,A2T2D6DDA5X5DZ,3EQVJH0T40YPKG7RJ3APVCRNUNTHTH,Sat May 09 12:41:38 PDT 2015,Sat May 09 12:42:28 PDT 2015,2015-05-09 20:42:40 UTC,Google,66001
3WSELTNVR4FCWDX6305Z39Z3VXJATA,A1NV8QXI4FEWWS,3DIIW4IV8P85ZQ3LAKR2NGGAE1RI4F,Sat May 09 13:20:42 PDT 2015,Sat May 09 13:20:53 PDT 2015,2015-05-09 21:22:38 UTC,GoPro,1394
3VP0C6EFSH97WGVJ4QNB1Q2P56XM6V,A1V0NUMA2VA07M,32CXT5U14GGBRILNG46TNVKQAI9U85,Sat May 09 12:47:31 PDT 2015,Sat May 09 13:04:31 PDT 2015,2015-05-09 21:07:38 UTC,Graymatics,0.13
3NLZY2D53Q2G0GWIJN0U7I4R52KLQQ,A28OHQUT69VJ0S,32CAVSKPCE2TGI12HJXE8LXIWC41UT,Sat May 09 13:48:42 PDT 2015,Sat May 09 13:49:54 PDT 2015,2015-05-09 21:52:37 UTC,Guidewire Software Inc.,350.25
3ZV9H2YQQEK4492FPQV03LSWTH93WX,A1V0NUMA2VA07M,34HEO7RUG67XUEML98V2EB31T75RA2,Sat May 09 12:42:44 PDT 2015,Sat May 09 12:45:10 PDT 2015,2015-05-09 20:47:37 UTC,gumstix,0.92
3UXUOQ9OKFAPYF0ZQX2YYD7L60U7AX,A28OHQUT69VJ0S,3X2YVV51PUH68MQ7CJCFQ9IFHSF1WS,Sat May 09 13:58:58 PDT 2015,Sat May 09 14:00:19 PDT 2015,2015-05-09 22:02:37 UTC,Harmonic Inc.,433.56
3FIJLY1B6VH90CL7XZI7C09X3ACPFY,A2UEWBZLGXT8I4,3JHB4BPSFKMJDUXG4NS2DQICR3M9Q5,Sat May 09 13:33:00 PDT 2015,Sat May 09 13:42:50 PDT 2015,2015-05-09 21:47:39 UTC,Hewlett-Packard,111454
30JNVC0ORAXEEKDSS2LWFQBKOLAQHN,A389B2JAHB845F,3XDJY5RK5SYA8HYL41GG6J4L8WDU4Y,Sat May 09 13:17:49 PDT 2015,Sat May 09 13:27:51 PDT 2015,2015-05-09 21:32:38 UTC,Hewlett-Packard,111454
3K5TEWLKGWO6FNKTKJXRLPB75Q2VID,A292QSLC0BUT0O,385MDVINFCSD336B28ILU9E1B9EWJQ,Sat May 09 12:09:59 PDT 2015,Sat May 09 12:10:31 PDT 2015,2015-05-09 20:12:38 UTC,Hewlett-Packard,111454
34S6N1K2ZWW3NNXF0XD0Y4CQEFMHLO,A3CWYWKQXX4RIZ,3YD0MU1NC2ENCV260UXW9UC1SVC7AK,Sat May 09 12:26:44 PDT 2015,Sat May 09 12:27:57 PDT 2015,2015-05-09 20:32:37 UTC,Hewlett-Packard,111454
33OOO72IVIY0PSU4NE1Q94PRV04CTE,A35AG28CQTZVMS,3OB6JN3A9Q2YWFVA6BL7N2Y1NOVMRI,Sat May 09 13:05:15 PDT 2015,Sat May 09 13:06:06 PDT 2015,2015-05-09 21:07:38 UTC,Hewlett-Packard,111454
3EICBYG64596BPYZBKNM7Y2IXYGCJC,A2WCCV1W8UE8ED,3ULIZ0H1VAICV3BNGIP60952XVB51F,Sat May 09 14:13:58 PDT 2015,Sat May 09 14:16:12 PDT 2015,2015-05-09 22:17:39 UTC,Hewlett-Packard,111454
3YGXWBAF71UG87FE8D0I1WDZF1NC4I,A1NV8QXI4FEWWS,3EKZL9T8Y8Z8YZ5GXHFZ62RJ61TCHT,Sat May 09 12:54:41 PDT 2015,Sat May 09 12:55:10 PDT 2015,2015-05-09 20:57:36 UTC,Hewlett-Packard,111454
3CFVK00FWMYNQYDY4EMW1DN05176LD,A2T2D6DDA5X5DZ,3S37Y8CWI8DN0LNQZ1VHO7PITCP4W8,Sat May 09 12:42:31 PDT 2015,Sat May 09 12:43:17 PDT 2015,2015-05-09 20:47:36 UTC,Hewlett-Packard,111454
31UV0MXWNRPPHT5EESFEHRH8S22I5V,AJNGIUBDXULG6,3MWOYZD5WV11HKOUQKJ36MIWHRKONA,Sat May 09 13:09:06 PDT 2015,Sat May 09 13:13:20 PDT 2015,2015-05-09 21:17:37 UTC,Hewlett-Packard,111454
3RSDURM96BZB3CDCTBUK79H9VEXYEG,A185RLALVDARY9,3DTJ4WT8BDS9MIPOZUR1WXVRN3MZEY,Sat May 09 12:13:11 PDT 2015,Sat May 09 12:14:42 PDT 2015,2015-05-09 20:17:36 UTC,Hewlett-Packard,111454
3W92K5RLWVUU3ZPEDZEXWG7204ZV56,AM0KMTKJ9VEFP,3A3KKYU7P3U34BCW55VDA16IF3AMWL,Sat May 09 13:42:25 PDT 2015,Sat May 09 13:42:47 PDT 2015,2015-05-09 21:47:38 UTC,Hewlett-Packard,111454
3R8YZBNQ9IVHLV7GFTZKODMQAIGQ7N,AQ4DKMXF2AUV8,3THR0FZ95P6BTKL9E73OTUE7CWKOL8,Sat May 09 13:59:01 PDT 2015,Sat May 09 14:00:07 PDT 2015,2015-05-09 22:02:37 UTC,Hewlett-Packard,111454
323Q6SJS8JTHNVNJEMA23R76HJ3FHK,A2WKZI3JQCE3Z6,375VSR8FVWMYVMUTL0B1V4UA2SCZRB,Sat May 09 14:01:47 PDT 2015,Sat May 09 14:02:42 PDT 2015,2015-05-09 22:07:37 UTC,Hewlett-Packard,111454
354P56DE9LGTYBMT7XOPJD1RS61S7E,A389B2JAHB845F,3W1K7D6QSBUBFFD4P3PBVPP6K6ABZB,Sat May 09 13:52:10 PDT 2015,Sat May 09 13:53:10 PDT 2015,2015-05-09 21:57:38 UTC,IBM,92793
3MYYFCXHJ4KTPJVJAZW1RNYEDTDG4U,A3CWYWKQXX4RIZ,3B9J25CZ25QXO8JW8BRYAGYLFCASCU,Sat May 09 11:57:36 PDT 2015,Sat May 09 11:58:47 PDT 2015,2015-05-09 20:02:37 UTC,iCracked,25
3C8HJ7UOP879KQFU6VKMYOVKAAVMZN,A1NV8QXI4FEWWS,3B623HUYJ43VC5TJRZBT8U22PLPS8O,Sat May 09 13:27:19 PDT 2015,Sat May 09 13:28:42 PDT 2015,2015-05-09 21:32:39 UTC,Impax Laboratories,596
3B1NLC6UG09FECH28JOPUL994PAGPM,A28OHQUT69VJ0S,3UV0D2KX1MWLPZ1V9CLHKJ3IY9Z4FA,Sat May 09 12:07:25 PDT 2015,Sat May 09 12:09:03 PDT 2015,2015-05-09 20:12:37 UTC,Imperva Inc.,164.01
33TIN5LC05NU8GMVL0EYFVGY4HK9YK,A1NV8QXI4FEWWS,3XD2A6FGFN7VQACTWRH78QXD9R7S9D,Sat May 09 13:26:35 PDT 2015,Sat May 09 13:26:50 PDT 2015,2015-05-09 21:27:40 UTC,Infinera,668
3JWH6J9I9TQJKAXECIJJPLDHOXJBN6,A28OHQUT69VJ0S,33W1NHWFYHYBB17LPPGWVJVSQD9ZTO,Sat May 09 13:13:02 PDT 2015,Sat May 09 13:14:17 PDT 2015,2015-05-09 21:17:38 UTC,Infoblox,250.34
3VAR3R6G1QEI0XZJALZMD8NL612O8Y,A1NV8QXI4FEWWS,3ZQA3IO31B4Y3DH5LXL59F5TEQG1OG,Sat May 09 13:22:11 PDT 2015,Sat May 09 13:22:26 PDT 2015,2015-05-09 21:22:39 UTC,Informatica,1048
3OHYZ19UGDIWJLSY7JJ09ZTGWP0OA0,A3CWYWKQXX4RIZ,3I01FDIL6MLEO18CES73343Z2IN2D1,Sat May 09 12:11:57 PDT 2015,Sat May 09 12:13:21 PDT 2015,2015-05-09 20:17:36 UTC,Informatica,1048
3QEMNNSB2YCNWM3BA7T0OEFRR3Q7DY,A35AG28CQTZVMS,3OWZNK3RYL2053JY0NXSD47NOIHU22,Sat May 09 13:30:12 PDT 2015,Sat May 09 13:32:05 PDT 2015,2015-05-09 21:32:42 UTC,Informatica,1048
36H9ULYP637DE1I92MDNF4NLUB5FJN,AT5I4VF891S7I,33QQ60S6ASVT9TGKL0TEUGE8RKXU0I,Sat May 09 13:11:10 PDT 2015,Sat May 09 13:13:03 PDT 2015,2015-05-09 21:17:37 UTC,InfoStretch Corporation,19.74
3A7Y0R2P2P1UEN9U2GJ9LBNSYG0XJV,A1MXVNDUA0XQ3F,3HXCEECSQM67SN6FZV3V30N75FRZYD,Sat May 09 12:22:45 PDT 2015,Sat May 09 12:26:11 PDT 2015,2015-05-09 20:27:38 UTC,InfoStretch Corporation,19.74
3DUZQ9U6SN1V91NPPVR5PRHUEO4SV2,A28OHQUT69VJ0S,3ZXV7Q5FJB1OK3EA2RRZ3HF6QMGFCY,Sat May 09 12:03:20 PDT 2015,Sat May 09 12:04:33 PDT 2015,2015-05-09 20:07:37 UTC,Inphi Corporation,156
32RIADZISTHWFO4A5ZQIG1HH14AS4T,A1NV8QXI4FEWWS,3CRWSLD91KHVZ23UEJ43T7TWC1BMO9,Sat May 09 13:30:09 PDT 2015,Sat May 09 13:30:26 PDT 2015,2015-05-09 21:32:41 UTC,Integrated Device Tech.,533
36V4Q8R5ZLD06YE3JZ197VJG57CMQV,A28OHQUT69VJ0S,3MNJFORX8BH3LI5VNH4RPB9WY5UF5Q,Sat May 09 14:14:28 PDT 2015,Sat May 09 14:15:20 PDT 2015,2015-05-09 22:17:39 UTC,Integrated Device Tech.,533
3Y9N9SS8LZO5V32O8VQABX3BM14D3Z,A28OHQUT69VJ0S,3IQ9O0AYW6CPGBIBPLSAVOS2U07ITA,Sat May 09 13:31:29 PDT 2015,Sat May 09 13:32:35 PDT 2015,2015-05-09 21:32:43 UTC,Integrated Silicon Solution Inc.,328.98
3KIBXJ1WD672VY1KJAWP3DWC11WOKH,A389B2JAHB845F,302OLP89DZKTOCX2RB57PG4FT63CAI,Sat May 09 13:27:51 PDT 2015,Sat May 09 13:32:05 PDT 2015,2015-05-09 21:32:43 UTC,Intel,55870
3XM0HYN6NLCHUYLB2OY1UIOXR9YEP6,A2WKZI3JQCE3Z6,3T5ZXGO9DE1YJLFT8LM1QEK566AZQA,Sat May 09 13:53:40 PDT 2015,Sat May 09 13:55:01 PDT 2015,2015-05-09 21:57:39 UTC,Intel,55870
3PW9OPU9PRXMIQQTO2SARLXARQZ21L,A3CWYWKQXX4RIZ,3IZPORCT1FMC41UZFE5UVXQ562VRHD,Sat May 09 12:31:37 PDT 2015,Sat May 09 12:32:18 PDT 2015,2015-05-09 20:32:38 UTC,Intel,55870
3TS1AR6UQRRKU6H71DOQCEIC3G77FA,AQ4DKMXF2AUV8,3A9LA2FRWSRW1XGBODBMKFCT7JHHX0,Sat May 09 14:00:42 PDT 2015,Sat May 09 14:01:09 PDT 2015,2015-05-09 22:02:37 UTC,Intel,55870
3I7DHKZYGOD5723ODK9TEU4GCAB5FS,AM0KMTKJ9VEFP,3GL25Y68437ITBHMFARZCKKPO5GMXE,Sat May 09 13:42:48 PDT 2015,Sat May 09 13:43:12 PDT 2015,2015-05-09 21:47:39 UTC,Intel,55870
3HSYG7LRBKBJ57G5LI4WWWF3HWMKKT,A35AG28CQTZVMS,3XBXDSS888WYNTZ1FYQKC750O0PLXA,Sat May 09 13:06:06 PDT 2015,Sat May 09 13:06:36 PDT 2015,2015-05-09 21:07:38 UTC,Intel,55870
35USIKEBNSTDEYGJGR2BE5RPAW76NF,A2T2D6DDA5X5DZ,33CLA8O0MIOSQ53TKOHUSCESQNIRFF,Sat May 09 12:43:20 PDT 2015,Sat May 09 12:44:04 PDT 2015,2015-05-09 20:47:37 UTC,Intel,55870
3FE2ERCCZYL36PY0W21XZUIBVB2OPI,AJNGIUBDXULG6,3OJX0UFJ0ZKB5N4XLWC7NRF1UORU9U,Sat May 09 13:30:14 PDT 2015,Sat May 09 13:31:19 PDT 2015,2015-05-09 21:32:42 UTC,Intel,55870
3ITXP059PXWMI6NV86DMM360J1YJS9,A185RLALVDARY9,38G0E1M85MI92UH0OXH3F94YLGBUVB,Sat May 09 12:17:04 PDT 2015,Sat May 09 12:19:02 PDT 2015,2015-05-09 20:22:36 UTC,Intel,55870
3ATTHHXXWB1YJCPOKYY99A8SL1DXIL,A1NV8QXI4FEWWS,33N1S8XHHMYA2HVCN6WMPDCXYUJ1ZI,Sat May 09 13:29:14 PDT 2015,Sat May 09 13:29:27 PDT 2015,2015-05-09 21:32:40 UTC,Intersil,563
3STRJBFXOX4I8Q6SFRIOXN2Z09DKTZ,A1NV8QXI4FEWWS,3WUVMVA7OBG6W58CJPPF0E502OOZA3,Sat May 09 13:11:54 PDT 2015,Sat May 09 13:12:09 PDT 2015,2015-05-09 21:12:40 UTC,Intuit,4582
32N49TQG3HVR951V8V5E4RNOSI0VAC,AM0KMTKJ9VEFP,3P7RGTLO6EQB7A9QJOM5DZHNYFCKA3,Sat May 09 13:43:13 PDT 2015,Sat May 09 13:43:35 PDT 2015,2015-05-09 21:47:39 UTC,Intuit,4582
3PB5A5BD0WJQ86D2CXU8UZIO4V5G7G,A3CWYWKQXX4RIZ,3YOAVL4CA0URUGSVAOFONBJ0AET4ZY,Sat May 09 13:20:18 PDT 2015,Sat May 09 13:21:17 PDT 2015,2015-05-09 21:22:38 UTC,Intuit,4582
3GA6AFUKOP1M7J7QUR902II9ETX3HY,A35AG28CQTZVMS,39RRBHZ0AUEQOTBAUKGBW1JDNYPZV4,Sat May 09 13:11:42 PDT 2015,Sat May 09 13:12:23 PDT 2015,2015-05-09 21:12:40 UTC,Intuit,4582
3F0BG9B9MQ0QUXY263GE1ZPS9RU7Y4,A2T2D6DDA5X5DZ,307L9TDWJY5CVVV87MZBIJKLM0PN3F,Sat May 09 12:45:05 PDT 2015,Sat May 09 12:45:57 PDT 2015,2015-05-09 20:47:37 UTC,Intuit,4582
3EKVH9QMEZHGAL654VC5SNYJGN4D2O,AJNGIUBDXULG6,36U4VBVNQOQH9N0JFDCTECFV0AYURI,Sat May 09 13:31:19 PDT 2015,Sat May 09 13:34:33 PDT 2015,2015-05-09 21:37:36 UTC,Intuit,4582
3TDXMTX3CC7L0X5SJBPJ9XV8OXE6I0,A1NV8QXI4FEWWS,3MDWE879UHFW9OVRL5VCI1ND53L9BT,Sat May 09 13:16:57 PDT 2015,Sat May 09 13:17:22 PDT 2015,2015-05-09 21:17:39 UTC,Intuitive Surgical Inc.,2265
3DI28L7YXBRED629HMNBTM6ZOTSE12,AM0KMTKJ9VEFP,36FFXPMST9197O2JNMOQ12L0VFBOH1,Sat May 09 13:43:36 PDT 2015,Sat May 09 13:44:03 PDT 2015,2015-05-09 21:47:39 UTC,Intuitive Surgical Inc.,2265
3UNH76FOCTI9F05PA9I3KHMI4GRMYW,A2T2D6DDA5X5DZ,372AGES0I4I9QRUEKINGYJEZUSFRX7,Sat May 09 13:27:17 PDT 2015,Sat May 09 13:28:27 PDT 2015,2015-05-09 21:32:39 UTC,Intuitive Surgical Inc.,2265
3FTYUGLFSVY89IPSMEE3QU1V0XVD5P,AJNGIUBDXULG6,3PUOXASB57GSRMY7RJBF4JUGW66Z9O,Sat May 09 13:34:34 PDT 2015,Sat May 09 13:35:48 PDT 2015,2015-05-09 21:37:37 UTC,Intuitive Surgical Inc.,2265
3V5Q80FXIY4IST48B66TFEC7PAG32H,A35AG28CQTZVMS,3421H3BM9AU2R7T39X8TGP6QD8TJ9N,Sat May 09 13:32:05 PDT 2015,Sat May 09 13:32:58 PDT 2015,2015-05-09 21:37:36 UTC,Intuitive Surgical Inc.,2265
3OLQQLKKNT2L8NID7BTHXM2LIASJEB,A35AG28CQTZVMS,359AP8GAGGXB5AZ4K8TNFP2PSYXC7R,Sat May 09 14:12:51 PDT 2015,Sat May 09 14:13:32 PDT 2015,2015-05-09 22:17:38 UTC,InvenSense  Inc.,331.74
32XVDSJFP0AJEFCIHOB8BDLDP1VM2E,A28OHQUT69VJ0S,3A9LA2FRWSRW1XGBODBMKFCT7JHXHG,Sat May 09 13:33:31 PDT 2015,Sat May 09 13:34:49 PDT 2015,2015-05-09 21:37:36 UTC,InvenSense  Inc.,331.74
38SKSKU7R2A3JI8Z6FVLYGD5ES1LIL,A1V0NUMA2VA07M,3ZZAYRN1I64ZCXTENG5FFLOO696OTB,Sat May 09 12:47:41 PDT 2015,Sat May 09 13:09:56 PDT 2015,2015-05-09 21:12:39 UTC,IXYS Corporation,313.32
37UEWGM5HUL3MA7E3S7BST5I3II1R2,A35AG28CQTZVMS,33KGGVH24UULXMVXMO81SSWMQUKX1G,Sat May 09 13:49:45 PDT 2015,Sat May 09 13:53:16 PDT 2015,2015-05-09 21:57:38 UTC,IXYS Corporation,313.32
323Q6SJS8JTHNVNJEMA23R76HJ2HFL,A1NV8QXI4FEWWS,3PKVGQTFIHXYQWKOPE9IHXL8WY9RYD,Sat May 09 13:18:55 PDT 2015,Sat May 09 13:19:08 PDT 2015,2015-05-09 21:22:37 UTC,JDS Uniphase,1737
3VD82FOHKR1KC0PWRXFRFUJ4WSMOC3,A1V0NUMA2VA07M,3ZURAPD28804X04CMU2FMLWFMPPF18,Sat May 09 12:47:45 PDT 2015,Sat May 09 13:11:48 PDT 2015,2015-05-09 21:12:40 UTC,Joseph Bellomo Architects,1.2
3B4YI393VA9FH96LV0M0E4XNFKESS1,AQ4DKMXF2AUV8,3KWGG5KP6JFUQD6ROEVCY7ZFNNSCM2,Sat May 09 14:01:10 PDT 2015,Sat May 09 14:02:06 PDT 2015,2015-05-09 22:02:37 UTC,Juniper Networks,4630
31JLPPHS2V7WZ0TDY44QMRFAQFAO36,A3CWYWKQXX4RIZ,3SZYX62S5GDQ6PQP5Y6F1JWF0HB75E,Sat May 09 13:21:17 PDT 2015,Sat May 09 13:22:41 PDT 2015,2015-05-09 21:27:37 UTC,Juniper Networks,4630
3S06PH7KSSH9L0O9LRCRN4OEOHPD16,A1NV8QXI4FEWWS,3GONHBMNHVB7Y6H1GSFK9500W5DZMN,Sat May 09 13:11:18 PDT 2015,Sat May 09 13:11:37 PDT 2015,2015-05-09 21:12:40 UTC,Juniper Networks,4630
3W2LOLRXLCS5SBT0B2DTX81HCOIKRO,A389B2JAHB845F,36818Z1KV3Q5BC1JYIU6WD0LNTQA3I,Sat May 09 13:58:57 PDT 2015,Sat May 09 14:04:48 PDT 2015,2015-05-09 22:07:38 UTC,Juniper Networks,4630
31LM9EDVOM5P2TVQ0AW0N9WUW2RNJ2,A35AG28CQTZVMS,3R16PJFTS34W5LT9ANCE0WVN65GK4S,Sat May 09 13:13:46 PDT 2015,Sat May 09 13:14:18 PDT 2015,2015-05-09 21:17:38 UTC,Juniper Networks,4630
3WJ1OXY92BTTYT5I02U4CD3GHKXA8K,A2T2D6DDA5X5DZ,33KMQD9OFJR5TT48TRLCZ3ABRN677T,Sat May 09 12:46:00 PDT 2015,Sat May 09 12:46:48 PDT 2015,2015-05-09 20:47:37 UTC,Juniper Networks,4630
3D3VGR7TA1SZWDLTQWLUGMKF12W3RW,AT5I4VF891S7I,360ZO6N6J1WSSFZOCULLWHY7H2P9MI,Sat May 09 13:41:28 PDT 2015,Sat May 09 13:42:07 PDT 2015,2015-05-09 21:42:39 UTC,KBA Docusys Inc.,20.75
3VNXK88KKDVD4MRQGPRE8WC4M0IV9X,AT5I4VF891S7I,32L724R85LXROJP484JQQER55XNPID,Sat May 09 13:43:15 PDT 2015,Sat May 09 13:43:45 PDT 2015,2015-05-09 21:47:39 UTC,KBM Workspace,22.37
3TU5ZICBREELL9CZPYRQ2DILL2KQ88,A1NV8QXI4FEWWS,31MBOZ6PAO4AKVO6O2UXYUKQNI2CL0,Sat May 09 13:14:10 PDT 2015,Sat May 09 13:14:24 PDT 2015,2015-05-09 21:17:38 UTC,KLA-Tencor Corporation,3842.78
3SEPORI8WOC8IP659SUHPX0KGT5AZQ,A3CWYWKQXX4RIZ,3E6L1VR4XWZZ4M59S0EWHHNWU05F66,Sat May 09 13:22:42 PDT 2015,Sat May 09 13:24:16 PDT 2015,2015-05-09 21:27:39 UTC,KLA-Tencor Corporation,3842.78
3E1QT0TDFQM84BOGCQMHTBRZUS3I8X,A35AG28CQTZVMS,3CZH926SICRTJL1ZE11B21IIM8K4ES,Sat May 09 13:12:24 PDT 2015,Sat May 09 13:13:01 PDT 2015,2015-05-09 21:17:37 UTC,KLA-Tencor Corporation,3842.78
3IXEICO793WB9BL3DNONN4XHZET6TG,A2T2D6DDA5X5DZ,3IYI9285WSD4P506LHIKIF7YJTXCJY,Sat May 09 12:46:51 PDT 2015,Sat May 09 12:47:37 PDT 2015,2015-05-09 20:52:37 UTC,KLA-Tencor Corporation,3842.78
3BWI6RSP7HMSOSHB624KUWXCRFTE70,A35AG28CQTZVMS,3EKZL9T8Y8Z8YZ5GXHFZ62RJ61THCY,Sat May 09 14:07:54 PDT 2015,Sat May 09 14:09:31 PDT 2015,2015-05-09 22:12:39 UTC,Lam Research,4861
3QILPRALQ680ICZ796Z9YJNGGRXN8I,A1NV8QXI4FEWWS,3LG268AV38J0KR3XPDXOAUTSEM3REX,Sat May 09 13:10:42 PDT 2015,Sat May 09 13:11:00 PDT 2015,2015-05-09 21:12:40 UTC,Lam Research,4861
30X31N5D643BHDKRE009T43HTE6ASM,A28OHQUT69VJ0S,3VIVIU06FKPL3GSRGORY9AXA0SCMIE,Sat May 09 13:41:23 PDT 2015,Sat May 09 13:43:07 PDT 2015,2015-05-09 21:47:39 UTC,Leapfrog Enterprises,362.11
3FPRZHYEPZKRPK2AZGQ4HJ9IM8A3VQ,A28OHQUT69VJ0S,3BA7SXOG1J3JBQT6CABOIKX63J5R8Y,Sat May 09 14:10:18 PDT 2015,Sat May 09 14:12:00 PDT 2015,2015-05-09 22:12:39 UTC,LendingClub,492
31UV0MXWNRPPHT5EESFEHRH8S23I5W,A1NV8QXI4FEWWS,3L21G7IH479AXRL7RKU3B63VS0F1YR,Sat May 09 13:31:11 PDT 2015,Sat May 09 13:31:23 PDT 2015,2015-05-09 21:32:42 UTC,LendingClub,492
3NPI0JQDAPIJJH38SJNWT4OYUJJTP9,A1NV8QXI4FEWWS,3HEA4ZVWVDZBJLC6H5RI3ZIJ9BG55X,Sat May 09 13:19:26 PDT 2015,Sat May 09 13:19:41 PDT 2015,2015-05-09 21:22:37 UTC,Linear Technology,1437
3M23Y66PO3KAUB8OONJXDZ1VXVI6SU,A1EHP8HYCUPRJ9,3SBNLSTU6UI4UCBO3ZGHQFD6NRLZD5,Sat May 09 14:08:54 PDT 2015,Sat May 09 14:11:50 PDT 2015,2015-05-09 22:12:39 UTC,LINKEDIN,2210
336KAV9KYR5J8W1W0RZJ588KYBBY2I,AQ4DKMXF2AUV8,31GN6YMHLP5626P1P2RZMA5O7SRWS6,Sat May 09 14:02:07 PDT 2015,Sat May 09 14:03:03 PDT 2015,2015-05-09 22:07:37 UTC,LinkedIn,2219
3PJUZCGDJ7TFTAVD8WG4GISWB2H986,A1NV8QXI4FEWWS,3G5RUKN2ECGYAXKOOV0L9WN7MSZ9NI,Sat May 09 13:16:05 PDT 2015,Sat May 09 13:16:35 PDT 2015,2015-05-09 21:17:39 UTC,LinkedIn,2219
3QHK8ZVMINVTWAUT0534CT9SJ2JLBE,AM0KMTKJ9VEFP,3GITHABACYYNADZP3ML6Z9FTGMPN24,Sat May 09 13:44:03 PDT 2015,Sat May 09 13:44:24 PDT 2015,2015-05-09 21:47:40 UTC,LinkedIn,2219
3CTOC39K3830Z833K3FBRCA4WNL7JA,A28OHQUT69VJ0S,3Z33IC0JC0ZBI2TXQMMCJDHK8V19VZ,Sat May 09 12:40:32 PDT 2015,Sat May 09 12:42:40 PDT 2015,2015-05-09 20:47:36 UTC,LinkedIn,2219
3HRMW88U173CI594217USPSYS3BM0U,A35AG28CQTZVMS,3QQUBC64ZEROBT2MRB6ZPZ9PTVQXNP,Sat May 09 13:32:58 PDT 2015,Sat May 09 13:35:34 PDT 2015,2015-05-09 21:37:37 UTC,LinkedIn,2219
32M8BPYGAUZNXQUYVOY5LO8XIBHIGE,AJNGIUBDXULG6,3AFT28WXLFF93JD3T46B1EMFVSQOIU,Sat May 09 13:35:49 PDT 2015,Sat May 09 13:38:03 PDT 2015,2015-05-09 21:42:38 UTC,LinkedIn,2219
3LS2AMNW5G3O61ZFWFGMZZ8L07OOQ9,A2T2D6DDA5X5DZ,3MG8450X2ONWXAK42L849HFGZSAUPQ,Sat May 09 13:30:31 PDT 2015,Sat May 09 13:30:49 PDT 2015,2015-05-09 21:32:41 UTC,LinkedIn,2219
3GM6G9ZBKOADYE6V03V4C0U3PE7TMC,A2T2D6DDA5X5DZ,3VZYA8PITOBCOEQ5KZL6M4MSS3550C,Sat May 09 12:47:40 PDT 2015,Sat May 09 12:48:46 PDT 2015,2015-05-09 20:52:37 UTC,Lockheed Martin,45368
3TPZPLC3M1PEK05ED4H5BRK00K73P3,AT5I4VF891S7I,34XASH8KLQZDK2FVTJHII7YMM67PMT,Sat May 09 13:15:35 PDT 2015,Sat May 09 13:19:28 PDT 2015,2015-05-09 21:22:37 UTC,LogiGear,150
3TMSXRD2X7D8U6O02MHHFSDZVXW1W4,A3CWYWKQXX4RIZ,33P2GD6NRN5QHXH4PUWXUL4RBA2HKB,Sat May 09 13:24:17 PDT 2015,Sat May 09 13:27:10 PDT 2015,2015-05-09 21:27:40 UTC,LSI Corporation,2510
3M81GAB8A1W4N7A6SAB0TF8MT85BQS,A2T2D6DDA5X5DZ,35A1YQPVFETNV97LOPACS8MOEXMI5K,Sat May 09 12:48:48 PDT 2015,Sat May 09 12:49:34 PDT 2015,2015-05-09 20:52:37 UTC,LSI Corporation,2510
3TEM0PF1Q6A9EB3RP88R9Z54JPI0DP,A28OHQUT69VJ0S,3IVKZBIBJ0MO5GUCU35ZL7V1S4FHSS,Sat May 09 11:57:16 PDT 2015,Sat May 09 12:02:46 PDT 2015,2015-05-09 20:07:37 UTC,Marketo,150
3WJEQKOXA9FBNTLX1HLPX3G83ETA12,A3CWYWKQXX4RIZ,3T2HW4QDUVKFJTNXZ5R7TLTVNOLC93,Sat May 09 13:27:11 PDT 2015,Sat May 09 13:28:05 PDT 2015,2015-05-09 21:32:38 UTC,Marvell Technology Group,3170
3Y9N9SS8LZO5V32O8VQABX3BM163DR,A389B2JAHB845F,3FDWKV9VCNFQC7NRA5GCSDLLUNZMUM,Sat May 09 14:04:49 PDT 2015,Sat May 09 14:06:59 PDT 2015,2015-05-09 22:07:38 UTC,Marvell Technology Group,3170
3PS7W85Z80FYRUN1BURZ7EOJPF1T9E,A35AG28CQTZVMS,3OB6JN3A9Q2YWFVA6BL7N2Y1NOURMM,Sat May 09 13:17:10 PDT 2015,Sat May 09 13:17:49 PDT 2015,2015-05-09 21:22:36 UTC,Marvell Technology Group,3170
324G5B4FB4LTX22HYV5597V8XEG704,A2T2D6DDA5X5DZ,3ECKRY5B1Q9L2NRAVDHSHCTJFWTIZQ,Sat May 09 12:49:37 PDT 2015,Sat May 09 12:50:09 PDT 2015,2015-05-09 20:52:37 UTC,Marvell Technology Group,3170
3FIJLY1B6VH90CL7XZI7C09X3AEPF0,A35AG28CQTZVMS,3HEM8MA6H9P45HDNLCOZZGIRW74PQG,Sat May 09 14:15:04 PDT 2015,Sat May 09 14:15:39 PDT 2015,2015-05-09 22:17:39 UTC,Mattson Technology  Inc.,178.4
3R6P78PK7LOD64A9P0X9ZVA6TSUTG3,A28OHQUT69VJ0S,3QTFNPMJC6VDGO21STUKMKP01VNZNN,Sat May 09 12:14:36 PDT 2015,Sat May 09 12:15:52 PDT 2015,2015-05-09 20:17:36 UTC,Mattson Technology  Inc.,178.4
339ANSOTR6FSZCQHLFJKJG0QPSXIKG,A35AG28CQTZVMS,371Q3BEXDHMAW1U60PB6LEZ6OUVZSZ,Sat May 09 13:17:50 PDT 2015,Sat May 09 13:18:24 PDT 2015,2015-05-09 21:22:36 UTC,Maxim Integrated,2450
32SCWG5HIIHDHJSWW6F3IUWKAB9P6V,A3CWYWKQXX4RIZ,3FULMHZ7OUARV9TCVZPUF9NRVAB4MH,Sat May 09 13:28:06 PDT 2015,Sat May 09 13:29:07 PDT 2015,2015-05-09 21:32:39 UTC,Maxim Integrated,2450
31LVTDXBL8NGCHBIW2PUC8EW1OKLRP,A2T2D6DDA5X5DZ,338431Z1FLSMWIGMJR0KF6N6IO9ORY,Sat May 09 12:50:12 PDT 2015,Sat May 09 12:50:43 PDT 2015,2015-05-09 20:52:37 UTC,Maxim Integrated,2450
3BV8HQ2ZZXE6UFMU7NX6SZ7PBP96AW,A1NV8QXI4FEWWS,34YWR3PJ28NLQXAFQ541ENDCL2EX0D,Sat May 09 13:15:10 PDT 2015,Sat May 09 13:15:29 PDT 2015,2015-05-09 21:17:38 UTC,Maxim Integrated,2450
3Y5140Z9DYTTA3NXY7OSFXMPJ24PIP,A2WCCV1W8UE8ED,3LCXHSGDLTJCL63A42XT04YO0ONSEN,Sat May 09 13:34:12 PDT 2015,Sat May 09 13:44:19 PDT 2015,2015-05-09 21:47:39 UTC,McKinsey & Co,7800
386PBUZZXGAZETS5OXGLAHS5R7RLJY,AT5I4VF891S7I,3P458N04Q1USM7DT5S8FXB6RI0YX2X,Sat May 09 13:23:07 PDT 2015,Sat May 09 13:23:55 PDT 2015,2015-05-09 21:27:38 UTC,McLarney Construction,61.19
3018Q3ZVOJ3ZGYKEZB043UYL7CMRAE,A1NV8QXI4FEWWS,3L1EFR8WWTIMM577Q7H81REYK1DF9H,Sat May 09 13:25:51 PDT 2015,Sat May 09 13:26:07 PDT 2015,2015-05-09 21:27:39 UTC,Medivation,710
3TMFV4NEP9RQ568L17QWU207933W8K,A35AG28CQTZVMS,3YKP7CX6G2SSV57Y68XS45W7ADX7BF,Sat May 09 14:10:24 PDT 2015,Sat May 09 14:11:27 PDT 2015,2015-05-09 22:12:39 UTC,Micrel  Inc.,247.59
3RWE2M8QWINI0NU4E2MU54HYXTM0N9,A28OHQUT69VJ0S,3SV8KD29L45C8IHYVG24US8W70IZKI,Sat May 09 13:07:46 PDT 2015,Sat May 09 13:09:16 PDT 2015,2015-05-09 21:12:39 UTC,Micrel  Inc.,247.59
34FNN24DCNMB7TKJIA1H3FBWIL2Y5J,AQ4DKMXF2AUV8,36BTXXLZ2VLISP6407LB18H11XA4R5,Sat May 09 14:03:04 PDT 2015,Sat May 09 14:04:01 PDT 2015,2015-05-09 22:07:38 UTC,Microsoft,86830
308Q0PEVB9Q8IG7QHISVT7MAEYNI9O,A2WKZI3JQCE3Z6,3KL228NDMVZCH1MT5OEF9LSQWAPKGF,Sat May 09 14:02:43 PDT 2015,Sat May 09 14:38:13 PDT 2015,2015-05-09 22:42:37 UTC,Microsoft,86830
3F6HPJW4JEDFJR6WLQHVKBN4N392WL,A1MXVNDUA0XQ3F,3RTFSSG7T8JJYTUB5TUYAORTFYJLWH,Sat May 09 12:26:14 PDT 2015,Sat May 09 12:28:22 PDT 2015,2015-05-09 20:32:37 UTC,Milestone Internet Marketing,17.42
3OONKJ5DKDW12VXQDXJW4ADME7OBOL,AT5I4VF891S7I,336OE47KI2XMUY65JXW4XXPV6WLWVB,Sat May 09 13:13:10 PDT 2015,Sat May 09 13:14:12 PDT 2015,2015-05-09 21:17:38 UTC,Milestone Internet Marketing,17.42
3VHP9MDGROXQ6NC3SUW1S0AQ4RZCF9,A35AG28CQTZVMS,3ZFRE2BDQ9RISIG5UZHTKMGY39XZX7,Sat May 09 14:13:32 PDT 2015,Sat May 09 14:14:12 PDT 2015,2015-05-09 22:17:38 UTC,Monolithic Power Systems  Inc.,282.54
3R3YRB5GRGGRWQCV35V985L5EBQUAL,A28OHQUT69VJ0S,39XCQ6V3KYH72PCKMO1NV5WJ56R56D,Sat May 09 13:25:30 PDT 2015,Sat May 09 13:26:38 PDT 2015,2015-05-09 21:27:40 UTC,Monolithic Power Systems  Inc.,282.54
3IUZPWIU1PKA07AMAWNZK79Y43VWK1,A2T2D6DDA5X5DZ,3I7KR83SNAQX2RZLRI85H463SXU9KD,Sat May 09 13:32:05 PDT 2015,Sat May 09 13:32:25 PDT 2015,2015-05-09 21:32:43 UTC,Move Inc.,191
3FE2ERCCZYL36PY0W21XZUIBVB3POK,A35AG28CQTZVMS,33TGB4G0LPUM6676O7SBYYFHIDBTXL,Sat May 09 13:35:35 PDT 2015,Sat May 09 13:36:13 PDT 2015,2015-05-09 21:37:37 UTC,Move Inc.,191
3AZHRG4CU5XBWJ1UWJ2FWQJSSCW30X,A2T2D6DDA5X5DZ,3FTID4TN8LBNNYPBKUCMVLC9Q6JLYG,Sat May 09 13:31:32 PDT 2015,Sat May 09 13:31:49 PDT 2015,2015-05-09 21:32:42 UTC,Mozilla Foundation,311
3PDJHANYK6TL42U8DT7Y9LUTOK06H8,AT5I4VF891S7I,3NBFJK3IOHVV7S783G68G29ZGFYGOU,Sat May 09 13:45:54 PDT 2015,Sat May 09 13:46:28 PDT 2015,2015-05-09 21:47:41 UTC,MulticoreWare Inc.,8
37QW5D2ZRHZXYPRCH2GVXDXM3Q48SE,A28OHQUT69VJ0S,3566S7OX5DWRI7P64B43YTJYO1671W,Sat May 09 12:09:47 PDT 2015,Sat May 09 12:10:58 PDT 2015,2015-05-09 20:12:38 UTC,Nanometrics Inc.,166.44
3Z4AIRP3C7QNJ6TQCRD3HBR64Z11XW,A2T2D6DDA5X5DZ,3BFF0DJK8XPEAPL7UXMOZQYP3Y9TSD,Sat May 09 12:50:45 PDT 2015,Sat May 09 12:51:14 PDT 2015,2015-05-09 20:52:37 UTC,National Semiconductor,1420
3TPWUS5F8AESH9YYIJ61WOWQZUMWCO,A3CWYWKQXX4RIZ,3ATYLI1PRTF5YUX9BMRBDF1F87FOJ6,Sat May 09 13:29:08 PDT 2015,Sat May 09 13:30:20 PDT 2015,2015-05-09 21:32:41 UTC,National Semiconductor,1420
35H6S234SBD9O9ADCR6PKOR3JB765P,A28OHQUT69VJ0S,3VO4XFFP15ZFZB9NPQUIZUR6WDY7QR,Sat May 09 12:35:37 PDT 2015,Sat May 09 12:37:30 PDT 2015,2015-05-09 20:37:38 UTC,Nektar Therapeutics,200.71
36TFCYNS45NYNHE4EGGO9Y7DLOYHXC,A28OHQUT69VJ0S,3BFNCI9LYK3NSA3LRFIMMMYVMLK73O,Sat May 09 13:28:04 PDT 2015,Sat May 09 13:29:15 PDT 2015,2015-05-09 21:32:40 UTC,NeoPhotonics Corporation,306.18
3X65QVEQI10C6FMZE5ZZNDFA1NJLCL,AM0KMTKJ9VEFP,3RIHDBQ1NEBL7LH7A69D9YWV0FXHMG,Sat May 09 13:44:25 PDT 2015,Sat May 09 13:44:46 PDT 2015,2015-05-09 21:47:40 UTC,NetApp,6232
3COPXFW7XCPKGYDLYA94SD12B6SKPU,A1NV8QXI4FEWWS,3VQTAXTYN3YUTGJUJGQ3EXARIOUUB4,Sat May 09 13:09:30 PDT 2015,Sat May 09 13:09:42 PDT 2015,2015-05-09 21:12:39 UTC,NetApp,6232
3483FV8BEFWHPCRQU84RMHORZ1H26L,A3CWYWKQXX4RIZ,3MQY1YVHS3XL94AS0WGX8EFZZXB2BU,Sat May 09 13:30:21 PDT 2015,Sat May 09 13:31:21 PDT 2015,2015-05-09 21:32:42 UTC,NetApp,6232
3KIBXJ1WD672VY1KJAWP3DWC11VOKG,A2T2D6DDA5X5DZ,3QMELQS6Y5OW7CAIJVEQY61FXOFR6C,Sat May 09 12:51:57 PDT 2015,Sat May 09 12:52:19 PDT 2015,2015-05-09 20:52:37 UTC,NetApp,6232
3JAOYWH7VJHA8HFW2LP8LNE2V2GL94,AJNGIUBDXULG6,3RDTX9JRTYE97CS18OJWDZ1HMDU795,Sat May 09 13:42:51 PDT 2015,Sat May 09 13:43:40 PDT 2015,2015-05-09 21:47:39 UTC,NetApp,6232
3HPZF4IVNN6W6ETYXKOPHLH6A2MYCP,A35AG28CQTZVMS,3XJOUITW8U42X96U2TXJ4QJOLAOTQO,Sat May 09 13:13:01 PDT 2015,Sat May 09 13:13:46 PDT 2015,2015-05-09 21:17:37 UTC,NetApp,6232
3HOSI13XH013DV4L1KWMO6PNDEUDDY,AQ4DKMXF2AUV8,3KI0JD2ZU1VMPTQ3AHGKTPAFWCM76U,Sat May 09 14:04:02 PDT 2015,Sat May 09 14:04:55 PDT 2015,2015-05-09 22:07:38 UTC,Netflix,5500
3JJVG1YBECAFULR88INXV4DVXCKB5H,A2WCCV1W8UE8ED,3OEWW2KGQJOSV8XH1Q50AH623NIDOH,Sat May 09 14:11:32 PDT 2015,Sat May 09 14:13:54 PDT 2015,2015-05-09 22:17:38 UTC,Netflix,5500
34BBWHLWHBOJUCKYAT2N7RULCZ6WIQ,A3CWYWKQXX4RIZ,3X7837UUADBF9OR5BQ5HWFFON7LJ6C,Sat May 09 13:31:21 PDT 2015,Sat May 09 13:32:29 PDT 2015,2015-05-09 21:32:43 UTC,Netflix,5500
3M0NZ3JDP2BBCJUOEW30HMKYOF55ZG,A1NV8QXI4FEWWS,3XBYQ44Z6PH7H62GE2WPWF1A9B5WTV,Sat May 09 13:10:12 PDT 2015,Sat May 09 13:10:25 PDT 2015,2015-05-09 21:12:39 UTC,Netflix,5500
3NKQQ8O39ZIPUXF7NFMBY6TBZEODU7,AM0KMTKJ9VEFP,3VEI3XUCZRA4HISNYRDZ46SWST5RPI,Sat May 09 13:44:47 PDT 2015,Sat May 09 13:45:07 PDT 2015,2015-05-09 21:47:40 UTC,Netflix,5500
3TUI152ZZC03A9SEQDIBN3VD7WE1QZ,A1V0NUMA2VA07M,34KYK9TV2RLEE3RQUBV3ZWS3XRASBN,Sat May 09 12:47:49 PDT 2015,Sat May 09 13:15:38 PDT 2015,2015-05-09 21:17:39 UTC,Netflix,5500
3E47SOBEYR9AGEETT22MVXNIKJSIC7,A2WKZI3JQCE3Z6,32LAQ1JNT92UP2DBJ2HOERGDOVVUTV,Sat May 09 14:38:40 PDT 2015,Sat May 09 14:38:56 PDT 2015,2015-05-09 22:42:37 UTC,Netflix,5500
3W8CV64QJ3C8MLW6B0AATVLVEL9H9V,A389B2JAHB845F,3GL25Y68437ITBHMFARZCKKPO5GXMP,Sat May 09 14:12:10 PDT 2015,Sat May 09 14:13:06 PDT 2015,2015-05-09 22:17:38 UTC,Netflix,5500
32UTUBMZ7H9WSF6NE95AZ27UA0LVB7,AJNGIUBDXULG6,3OPLMF3EU50TBZLXDS3BE5E2MMFLNQ,Sat May 09 13:43:41 PDT 2015,Sat May 09 13:44:53 PDT 2015,2015-05-09 21:47:40 UTC,Netflix,5500
3SITXWYCNWMOW4BIEO6SNN4FQBSBXP,A2T2D6DDA5X5DZ,367O8HRHKGLUT46HFWLGRIMXNZTS4H,Sat May 09 12:52:21 PDT 2015,Sat May 09 12:52:56 PDT 2015,2015-05-09 20:57:36 UTC,Netflix,5500
3S0TNUHWKUVRW08UKCL62EBM2NW8DM,A35AG28CQTZVMS,3W31J70BAS9Z0P6O32IWJU7BYIXCKX,Sat May 09 13:02:25 PDT 2015,Sat May 09 13:04:35 PDT 2015,2015-05-09 21:07:38 UTC,Netflix,5500
3FDJT1UU75LGNOV2EV0QU7WLK6SK59,A1NV8QXI4FEWWS,3OQQD2WO8IJKHUKHA6MJDBO401VI3U,Sat May 09 13:20:54 PDT 2015,Sat May 09 13:21:10 PDT 2015,2015-05-09 21:22:38 UTC,Netgear,1394
3RJSC4XJ117EAYOYA2Q8BNHC68N05K,A1NV8QXI4FEWWS,3PR3LXCWSFC3MRYSQ1NU7YE5O699X2,Sat May 09 13:29:28 PDT 2015,Sat May 09 13:29:40 PDT 2015,2015-05-09 21:32:40 UTC,NetSuite,556
3LYA37P8IR0IC4CBF5R3XTWDU2EBK1,A1NV8QXI4FEWWS,3TC2K6WK9GF276CLXKWNHCPYRRQ28V,Sat May 09 13:11:01 PDT 2015,Sat May 09 13:11:18 PDT 2015,2015-05-09 21:12:40 UTC,Nvidia,4682
3R08VXYT7D8M5S32R2YQG24CYJXW7X,A389B2JAHB845F,3VCK0Q0PO5RGE3WBOZHSGLMEJO5N0K,Sat May 09 14:10:05 PDT 2015,Sat May 09 14:11:02 PDT 2015,2015-05-09 22:12:39 UTC,Nvidia,4682
34YB12FSQZ19T9KPG3WXDHFEZK0MGX,A2T2D6DDA5X5DZ,3IKMEYR0LW8M27EM69TQ7HYPMRKK2W,Sat May 09 12:52:59 PDT 2015,Sat May 09 12:53:31 PDT 2015,2015-05-09 20:57:36 UTC,Nvidia,4682
3OUYGIZWR8BI386HUHZM9TMTX8N0P5,A35AG28CQTZVMS,3K8CQCU3KEE9MTXWH6ADNGVIKTJWNU,Sat May 09 13:08:22 PDT 2015,Sat May 09 13:09:21 PDT 2015,2015-05-09 21:12:39 UTC,Nvidia,4682
3GS6S824SRAB8DVP79FFCZQ2YY0WN6,A3CWYWKQXX4RIZ,3RZS0FBRWKN0BG34GUN4FBTASS3CPY,Sat May 09 13:32:29 PDT 2015,Sat May 09 13:33:46 PDT 2015,2015-05-09 21:37:36 UTC,Nvidia,4682
3Z2R0DQ0JIRL2RK50QNPY5G4GZ6E2J,A28OHQUT69VJ0S,371QPA24C21EG5MDHE743PBGDYX1T2,Sat May 09 13:43:57 PDT 2015,Sat May 09 13:45:53 PDT 2015,2015-05-09 21:47:40 UTC,Oclaro Inc.,390.87
3X87C8JFV7O34TR83WXVJ4IMXWTSQC,A28OHQUT69VJ0S,3LN50BUKPVOTEKXAT7G3IUJXM1HPLR,Sat May 09 14:00:45 PDT 2015,Sat May 09 14:01:46 PDT 2015,2015-05-09 22:02:37 UTC,Omnicell Inc.,440.9
3Z9WI9EOZ01S3HFXFX1ZJ4ZBPFJHKN,A1NV8QXI4FEWWS,3GKAWYFRAP6AG89IGQIFZHBSDSEDPY,Sat May 09 13:20:00 PDT 2015,Sat May 09 13:20:16 PDT 2015,2015-05-09 21:22:37 UTC,Omnivision Technologies,1424
34Z02EIMITQGV0ZOBY86E3NQMBA0TC,AQ4DKMXF2AUV8,3RTFSSG7T8JJYTUB5TUYAORTFYJWLS,Sat May 09 14:04:56 PDT 2015,Sat May 09 14:05:48 PDT 2015,2015-05-09 22:07:38 UTC,Oracle,38841
3UJ1CZ6IZI2EB78AJ49SLTNV1055SB,A1NV8QXI4FEWWS,3G9UA71JVV7YDO5AU0A92TFKII5J7B,Sat May 09 13:06:47 PDT 2015,Sat May 09 13:07:07 PDT 2015,2015-05-09 21:07:38 UTC,Oracle,38841
3MD9PLUKKJRF280UIWZMB3KKF05NZO,AM0KMTKJ9VEFP,37AQKJ12TX1FPPYMJXRE9VUB5HNTT2,Sat May 09 13:45:08 PDT 2015,Sat May 09 13:45:31 PDT 2015,2015-05-09 21:47:40 UTC,Oracle,38841
3KKG4CDWKJBEA98BWTQRZ6CR9GN941,A2WCCV1W8UE8ED,3AXFSPQOYQBBSHKGCJ8LQLS1G6OJFF,Sat May 09 14:07:59 PDT 2015,Sat May 09 14:11:27 PDT 2015,2015-05-09 22:12:39 UTC,Oracle,38841
3WYGZ5XF3XSHTQTDQRDYNI6DYQZKSA,A35AG28CQTZVMS,36D1BWBEHNEHSVEPRL66MUQTBWEM22,Sat May 09 13:10:58 PDT 2015,Sat May 09 13:11:42 PDT 2015,2015-05-09 21:12:40 UTC,Oracle,38841
39PAAFCODNDWO104EVWVZWDGG7ITVS,A185RLALVDARY9,3XBXDSS888WYNTZ1FYQKC750O0QXLN,Sat May 09 12:22:40 PDT 2015,Sat May 09 12:24:50 PDT 2015,2015-05-09 20:27:38 UTC,Oracle,38841
3BGYGHDBBYXT7B8P76SOW47FJWE223,A2T2D6DDA5X5DZ,3B9J25CZ25QXO8JW8BRYAGYLFCACSE,Sat May 09 12:53:34 PDT 2015,Sat May 09 12:54:27 PDT 2015,2015-05-09 20:57:36 UTC,Oracle,38841
3IQ1VMJRYUXTCYOS5U0IC9YR1QGA9A,AJNGIUBDXULG6,3PA41K45VNHUZZ88PDFTZP1WRHC7P0,Sat May 09 13:13:21 PDT 2015,Sat May 09 13:14:27 PDT 2015,2015-05-09 21:17:38 UTC,Oracle,38841
38JBBYETQPNV55ZS446DRKD20D14E4,A1NV8QXI4FEWWS,3SX4X51T80MUX1U5HGEYKGYWIKLOAQ,Sat May 09 13:24:59 PDT 2015,Sat May 09 13:25:20 PDT 2015,2015-05-09 21:27:39 UTC,Palo Alto Networks,739
3I0BTBYZAYYCCMYIL4V5MKF51DS0Y1,AQ4DKMXF2AUV8,3DWNFENNE381U1NRS2C2ZHVARGFJ4R,Sat May 09 14:05:49 PDT 2015,Sat May 09 14:06:39 PDT 2015,2015-05-09 22:07:38 UTC,Pandora Media,921
32KTQ2V7RESUEZXH2XQNL0TRV769MU,A1NV8QXI4FEWWS,39WSF6KUV2YXNEBHXLGKGZON3ZJOEL,Sat May 09 13:22:59 PDT 2015,Sat May 09 13:23:13 PDT 2015,2015-05-09 21:27:38 UTC,Pandora Media,921
3WI0P0II625XE5NQJLR6TV6RSFKDR3,A35AG28CQTZVMS,34D9ZRXCYR79VTMYOXV74L8XF9PSAS,Sat May 09 13:43:38 PDT 2015,Sat May 09 13:44:33 PDT 2015,2015-05-09 21:47:40 UTC,PayPal Inc.,7900
36V4Q8R5ZLD06YE3JZ197VJG57AMQT,A1NV8QXI4FEWWS,3A3KKYU7P3U34BCW55VDA16IF39WMU,Sat May 09 13:25:20 PDT 2015,Sat May 09 13:25:33 PDT 2015,2015-05-09 21:27:39 UTC,Pharmacyclics,730
3COPXFW7XCPKGYDLYA94SD12B6TKPV,A1NV8QXI4FEWWS,3PZDSVZ3J5UXDREC704USOCR00LN40,Sat May 09 13:30:27 PDT 2015,Sat May 09 13:30:40 PDT 2015,2015-05-09 21:32:41 UTC,PMC-Sierra,526
3R3YRB5GRGGRWQCV35V985L5EBQAU1,A1NV8QXI4FEWWS,3MA5N0ATTCO8ENCTKTIXVOEEQYEWKP,Sat May 09 13:21:11 PDT 2015,Sat May 09 13:21:24 PDT 2015,2015-05-09 21:22:38 UTC,Polycom,1345
3XLBSAQ9Z5PQZN872PIXF6YUFLXZ7M,A28OHQUT69VJ0S,3W0KKJIARRMXOMGBMQ2RH8BS8RCK8Z,Sat May 09 12:33:02 PDT 2015,Sat May 09 12:35:13 PDT 2015,2015-05-09 20:37:37 UTC,Poofpoint,2014
30LSNF239V8XIWMRW9DGJKEW8SCI2V,A1NV8QXI4FEWWS,3R0WOCG21MMN8DHEXCH99NYRL96UDB,Sat May 09 13:29:53 PDT 2015,Sat May 09 13:30:08 PDT 2015,2015-05-09 21:32:40 UTC,Quantum,533
3TE22NPXPCPDD32ZFYU0IY1BNO744Y,A28OHQUT69VJ0S,3V8JSVE8YY39HSFJ38PIIQMPH9JEYN,Sat May 09 13:20:33 PDT 2015,Sat May 09 13:21:37 PDT 2015,2015-05-09 21:22:39 UTC,QuinStreet Inc.,282.55
32SVAV9L3GM7XWZCOLZ8LWV51Y8A3V,AM0KMTKJ9VEFP,30OITAWPBQG601YDLX584CQB0GQ9H9,Sat May 09 14:02:48 PDT 2015,Sat May 09 14:03:47 PDT 2015,2015-05-09 22:07:38 UTC,Rambus  Inc.,296.56
3XC1O3LBOTZTSWOA0RUPCNFEP9HTLA,A1V0NUMA2VA07M,3I7SHAD35M9OEWBVXXN1IL71MC0M7I,Sat May 09 12:47:36 PDT 2015,Sat May 09 13:07:18 PDT 2015,2015-05-09 21:07:38 UTC,Rambus  Inc.,296.56
3WLEIWSYHPUXM1B7QRVVJ8DH8FX2HM,A35AG28CQTZVMS,375VSR8FVWMYVMUTL0B1V4UA2SDRZ4,Sat May 09 13:36:13 PDT 2015,Sat May 09 13:38:02 PDT 2015,2015-05-09 21:42:37 UTC,Rambus  Inc.,296.56
3X4MXAO0BH1WNBNH0GWWLJVCZVQRWQ,A28OHQUT69VJ0S,3ECKRY5B1Q9L2NRAVDHSHCTJFWTZI7,Sat May 09 13:26:41 PDT 2015,Sat May 09 13:27:41 PDT 2015,2015-05-09 21:32:38 UTC,Rambus  Inc.,296.56
3R9WASFE20T3EGNDK8G93YBBD9JFZ9,A2T2D6DDA5X5DZ,3G3AJKPCXL5RPQIQE2D594AY4KP4Y7,Sat May 09 13:34:24 PDT 2015,Sat May 09 13:39:15 PDT 2015,2015-05-09 21:42:38 UTC,Rambus  Inc.,296.56
3BF51CHDTWNQQR8TB4RH0KK2BHD0H0,A28OHQUT69VJ0S,3ZQX1VYFTDIGED1QKIUKOPS1SWLO8M,Sat May 09 13:05:09 PDT 2015,Sat May 09 13:06:18 PDT 2015,2015-05-09 21:07:38 UTC,RingCentral Inc.,219.89
3S3AMIZX3VIT83Y71O1B4075SEHCDW,A1NV8QXI4FEWWS,334ZEL5JX6SYXXGZYG0P5GS24QSOSM,Sat May 09 13:21:53 PDT 2015,Sat May 09 13:22:11 PDT 2015,2015-05-09 21:22:39 UTC,Riverbed Technology,1089
38BQUHLA9XDXLM1N4M95IQOGQ6SOMN,A28OHQUT69VJ0S,3YLTXLH3DFJRSOEK2M15Q2QQ5K8PHK,Sat May 09 13:56:35 PDT 2015,Sat May 09 13:57:44 PDT 2015,2015-05-09 22:02:36 UTC,Rocket Fuel,408.64
3ZV9H2YQQEK4492FPQV03LSWTHAW3R,A35AG28CQTZVMS,391JB9X4ZYLC9BIFGRCAMQCNSW1MKP,Sat May 09 13:53:16 PDT 2015,Sat May 09 13:57:34 PDT 2015,2015-05-09 21:57:40 UTC,Rocket Fuel,408.64
3TPZPLC3M1PEK05ED4H5BRK00K53P1,A2FM1QHC1H8TBK,3NRZ1LDP7WJDJ9EE887CQ9UV1AOZPJ,Sat May 09 12:06:03 PDT 2015,Sat May 09 12:28:24 PDT 2015,2015-05-09 20:32:38 UTC,Roku  Inc.,190
30OG32W0SVOHRD9YM9L9QTJ2RUYENB,A35AG28CQTZVMS,3MQKOF1EE2100H6JSCWARBJO6PHDWT,Sat May 09 14:14:13 PDT 2015,Sat May 09 14:15:02 PDT 2015,2015-05-09 22:17:39 UTC,Rovi,542.31
3GU1KF0O4JEJNV9RSXWBTAICOCKPBG,A1NV8QXI4FEWWS,3FSEU3P2NRDPTV82BJHO91SBTBTRRA,Sat May 09 13:29:41 PDT 2015,Sat May 09 13:29:52 PDT 2015,2015-05-09 21:32:40 UTC,Rovi,542.31
37XITHEISXMN9DHCJPWV9PO97FACR4,A28OHQUT69VJ0S,3THR0FZ95P6BTKL9E73OTUE7CWKLO5,Sat May 09 14:15:23 PDT 2015,Sat May 09 14:17:11 PDT 2015,2015-05-09 22:17:39 UTC,Rovi,542.31
34QN5IT0T04XXG7080XBN7R38YO08M,A28OHQUT69VJ0S,3LXX8KJXPWMGSIK0PA0YOLNCC249OX,Sat May 09 13:30:18 PDT 2015,Sat May 09 13:31:24 PDT 2015,2015-05-09 21:32:42 UTC,Ruckus Wireless Inc.,326.92
388U7OUMF8E3FLMW793BEOM8YQC0RY,AT5I4VF891S7I,37M4O367VJV9RSXC9484K1T5V65M53,Sat May 09 13:36:48 PDT 2015,Sat May 09 13:37:33 PDT 2015,2015-05-09 21:37:37 UTC,Salas O'Brien,17
3TMFV4NEP9RQ568L17QWU2079348WX,AQ4DKMXF2AUV8,388CL5C1RJ0113ZMAU8Y9LH60A7HLE,Sat May 09 14:06:41 PDT 2015,Sat May 09 14:07:37 PDT 2015,2015-05-09 22:12:38 UTC,Salesforce.com,5374
3Z7ISHFUH18UZ1DQCUA3T6UPQ568ZL,A1NV8QXI4FEWWS,3XEIP58NL00NSOZGGGE59SLBW0NZLL,Sat May 09 13:10:26 PDT 2015,Sat May 09 13:10:41 PDT 2015,2015-05-09 21:12:40 UTC,Salesforce.com,5374
3JW0YLFXRUT1V743ZA628I3TRA3WWW,A2T2D6DDA5X5DZ,3UOMW19E6DJWI6LLWFEQH5OT1S2C5C,Sat May 09 12:55:10 PDT 2015,Sat May 09 12:55:35 PDT 2015,2015-05-09 20:57:36 UTC,Salesforce.com,5374
3U5NZHP4LSFTE8CDSP67FLLAJPPPHW,A3CWYWKQXX4RIZ,3NBFJK3IOHVV7S783G68G29ZGFYOG2,Sat May 09 13:33:47 PDT 2015,Sat May 09 13:36:00 PDT 2015,2015-05-09 21:37:37 UTC,Salesforce.com,5374
34MAJL3QP50SV7JVFKPH8T959OB34C,AJNGIUBDXULG6,3Y7LTZE0YTZQBEMAPU660FHU9RGZUF,Sat May 09 13:05:00 PDT 2015,Sat May 09 13:07:52 PDT 2015,2015-05-09 21:12:38 UTC,Salesforce.com,5374
3TE22NPXPCPDD32ZFYU0IY1BNO844Z,AM0KMTKJ9VEFP,3QREJ3J433AS3T0UGFBVMDXYSRBKLL,Sat May 09 13:45:32 PDT 2015,Sat May 09 13:45:54 PDT 2015,2015-05-09 21:47:40 UTC,Salesforce.com,5374
31JLPPHS2V7WZ0TDY44QMRFAQFC3ON,AT5I4VF891S7I,3ICOHX7ENCOCKXJYV0E9QYS55W50E9,Sat May 09 13:40:35 PDT 2015,Sat May 09 13:41:12 PDT 2015,2015-05-09 21:42:39 UTC,Salesify,7.1
37UQDCYH6Y89Q33X1STUU0LYRATV7K,A1NV8QXI4FEWWS,3XD2A6FGFN7VQACTWRH78QXD9R79SU,Sat May 09 13:08:28 PDT 2015,Sat May 09 13:08:40 PDT 2015,2015-05-09 21:12:38 UTC,SanDisk,6628
32ZKVD547G0CG644UZZ4G7FBJGTB3R,A389B2JAHB845F,3J9L0X0VDFZOXRT2GWR85F0YF439W9,Sat May 09 14:11:03 PDT 2015,Sat May 09 14:12:09 PDT 2015,2015-05-09 22:12:39 UTC,SanDisk,6628
3TU5ZICBREELL9CZPYRQ2DILL2LQ89,AM0KMTKJ9VEFP,386659BNTLUD0WPMJCJUJE9BGN001P,Sat May 09 13:45:54 PDT 2015,Sat May 09 13:46:14 PDT 2015,2015-05-09 21:47:41 UTC,SanDisk,6628
3BQU611VFQXF7FENDOMIGEN7V8Y99U,A2T2D6DDA5X5DZ,33Q5P9PUSPZUPK5A33L669VO2R9ZC5,Sat May 09 12:55:37 PDT 2015,Sat May 09 12:56:07 PDT 2015,2015-05-09 20:57:37 UTC,SanDisk,6628
3ZAK8W07I5RVVDEDB3YGJZ9S5PF0U1,A35AG28CQTZVMS,335VBRURDJDUGR7BVWX2J9TY80Y9ET,Sat May 09 13:10:14 PDT 2015,Sat May 09 13:10:57 PDT 2015,2015-05-09 21:12:40 UTC,SanDisk,6628
3O6CYIULEEEO33FY4AR1QUIW6UTWUY,A3CWYWKQXX4RIZ,3O4VWC1GEWJGC54NSO7JPC34DGJJ36,Sat May 09 13:36:01 PDT 2015,Sat May 09 13:37:09 PDT 2015,2015-05-09 21:37:37 UTC,SanDisk,6628
386PBUZZXGAZETS5OXGLAHS5R7TJLY,AJNGIUBDXULG6,3I7SHAD35M9OEWBVXXN1IL71MC17M4,Sat May 09 13:44:54 PDT 2015,Sat May 09 13:46:39 PDT 2015,2015-05-09 21:47:41 UTC,SanDisk,6628
33M4IA01QHEBCBS7ALSIN29J8XVRXI,A2T2D6DDA5X5DZ,3XAOZ9UYRZ41OPUL0AD9YK0TTRY1QO,Sat May 09 12:56:09 PDT 2015,Sat May 09 12:56:39 PDT 2015,2015-05-09 20:57:37 UTC,Sanmina Corporation,6220
3XM0HYN6NLCHUYLB2OY1UIOXR9ZPEI,A389B2JAHB845F,3SBX2M1TKD0IGOR4NSWBWI7W5B84Q4,Sat May 09 14:14:23 PDT 2015,Sat May 09 14:15:41 PDT 2015,2015-05-09 22:17:39 UTC,Sanmina Corporation,6220
3Y54SXRO1MYWBMB495MQ3ABX20BTU5,A35AG28CQTZVMS,366FYU4PTG2EXNQ2ZTOR9I7EJUAKEY,Sat May 09 13:21:06 PDT 2015,Sat May 09 13:21:41 PDT 2015,2015-05-09 21:22:39 UTC,Sanmina Corporation,6220
3PEIJLRY6U6GK79T9F2OA1H00CAWXQ,A3CWYWKQXX4RIZ,33P2GD6NRN5QHXH4PUWXUL4RBA2KHE,Sat May 09 13:37:10 PDT 2015,Sat May 09 13:38:27 PDT 2015,2015-05-09 21:42:38 UTC,Sanmina Corporation,6220
3MX2NQ3YCA7M7OU9DEFFK14NGF75XJ,A1NV8QXI4FEWWS,3E9ZFLPWOY5WXSRVUVT7KRD87WVIXT,Sat May 09 13:08:54 PDT 2015,Sat May 09 13:09:12 PDT 2015,2015-05-09 21:12:39 UTC,Sanmina Corporation,6220
36ZN444YTSBBP3BWJ7BDQXHZ9X7OI6,A1NV8QXI4FEWWS,3BCRDCM0OD7AK8XNTB5TXUF12WMK6D,Sat May 09 13:26:20 PDT 2015,Sat May 09 13:26:34 PDT 2015,2015-05-09 21:27:40 UTC,ServiceNow,683
3LS2AMNW5G3O61ZFWFGMZZ8L07OQOB,A28OHQUT69VJ0S,33KGGVH24UULXMVXMO81SSWMQUL1XL,Sat May 09 13:19:39 PDT 2015,Sat May 09 13:20:30 PDT 2015,2015-05-09 21:22:38 UTC,ServiceSource,272.18
3J88R45B2HBQ0YCSXTOTI7947F8PXP,A28OHQUT69VJ0S,3MD8CKRQZZ08V7PP3E8F7A6KJUZRJI,Sat May 09 13:40:16 PDT 2015,Sat May 09 13:41:19 PDT 2015,2015-05-09 21:42:39 UTC,ShoreTel Inc.,339.79
3AQF3RZ559V1Q632I3JY60IG85MF6I,A1NV8QXI4FEWWS,368IUKXGA5LBVZU363A1TB10W6SP6J,Sat May 09 13:22:45 PDT 2015,Sat May 09 13:22:59 PDT 2015,2015-05-09 21:27:38 UTC,Shutterfly,922
3V26SBZTBER9JXEDLKAG6QRTPEBZZF,A28OHQUT69VJ0S,3G9UA71JVV7YDO5AU0A92TFKII67J0,Sat May 09 12:23:10 PDT 2015,Sat May 09 12:25:02 PDT 2015,2015-05-09 20:27:38 UTC,Sigma Designs,188.31
3KIBXJ1WD672VY1KJAWP3DWC11XKOE,AT5I4VF891S7I,307FVKVSYRS8A6MPRTN5WRQ10LG749,Sat May 09 13:30:10 PDT 2015,Sat May 09 13:30:46 PDT 2015,2015-05-09 21:32:41 UTC,Sigmaways Inc.,5.4
3TUI152ZZC03A9SEQDIBN3VD7WH1Q2,A28OHQUT69VJ0S,30Y6N4AHYP9VSLPXTIM44CB7EA2RD4,Sat May 09 14:13:16 PDT 2015,Sat May 09 14:14:24 PDT 2015,2015-05-09 22:17:39 UTC,Silicon Graphics,529.95
3YMTUJH0DTTXUOHPUZV8Q6D33NO4TU,A1NV8QXI4FEWWS,34F34TZU7WCRRN84OOTE62YC72JJ2V,Sat May 09 13:30:41 PDT 2015,Sat May 09 13:30:59 PDT 2015,2015-05-09 21:32:41 UTC,Silicon Graphics,516
3U8YCDAGXQT33K7WUUEB9YC32490QW,A28OHQUT69VJ0S,3126F2F5F8GF8ENICLTZ5ZTDD4GPE4,Sat May 09 13:09:22 PDT 2015,Sat May 09 13:10:40 PDT 2015,2015-05-09 21:12:40 UTC,Solarcity Corporation,255.03
34J10VATJGBEAFOCYK3HF2CZOYRQII,A28OHQUT69VJ0S,3EN4YVUOUC5SS3B1CDE7WSS8KBLXJL,Sat May 09 14:01:50 PDT 2015,Sat May 09 14:03:32 PDT 2015,2015-05-09 22:07:38 UTC,Splunk,450.88
3KOPY89HM9FIYP2GIRCLEVYORL23J4,A35AG28CQTZVMS,341YLJU21ICVWCOY668EU1JCUNVI2J,Sat May 09 13:38:03 PDT 2015,Sat May 09 13:38:52 PDT 2015,2015-05-09 21:42:38 UTC,SRI International,540
3X1FV8S5JY4SJWEYUVXO0DYRQDDVGO,AT5I4VF891S7I,3VLL1PIENQ1VY92DT8UX19P5R5SZO2,Sat May 09 13:45:06 PDT 2015,Sat May 09 13:45:37 PDT 2015,2015-05-09 21:47:40 UTC,Stage 4 Solutions,4.2
31JLPPHS2V7WZ0TDY44QMRFAQFD3OO,AQ4DKMXF2AUV8,3H1C3QRA01WWEPEE7G7TLZU6EL1CED,Sat May 09 14:07:38 PDT 2015,Sat May 09 14:12:00 PDT 2015,2015-05-09 22:12:39 UTC,SunPower,3027
3MH9DQ757XPS6HPYP5NJ4RW8C64GUK,A1NV8QXI4FEWWS,3RQVKZ7ZRKWY7S72NF4H3CT3G7K278,Sat May 09 13:13:53 PDT 2015,Sat May 09 13:14:09 PDT 2015,2015-05-09 21:17:37 UTC,SunPower,3027
3F0BG9B9MQ0QUXY263GE1ZPS9RW7Y6,A35AG28CQTZVMS,3P520RYKCHJS402LI6ZQBBAZ8S8U53,Sat May 09 13:38:53 PDT 2015,Sat May 09 13:39:34 PDT 2015,2015-05-09 21:42:38 UTC,SunPower,3027
3IOEN3P9S8WA0R9UB44DHYEM7V4619,A2T2D6DDA5X5DZ,3GONHBMNHVB7Y6H1GSFK9500W5EMZB,Sat May 09 13:40:35 PDT 2015,Sat May 09 13:41:45 PDT 2015,2015-05-09 21:42:39 UTC,SunPower,3027
3AAPLD8UCDUR605K96FRKVM78S9TH4,A1NV8QXI4FEWWS,3S8APUMBJXW5AYM4ORV4SX9O81GFBR,Sat May 09 13:18:38 PDT 2015,Sat May 09 13:18:54 PDT 2015,2015-05-09 21:22:37 UTC,Super Micro Computer,1748
32M8BPYGAUZNXQUYVOY5LO8XIBHGIC,A2T2D6DDA5X5DZ,3INZSNUD803POLTBZ1MIDRBD8OX9D0,Sat May 09 13:42:10 PDT 2015,Sat May 09 13:44:24 PDT 2015,2015-05-09 21:47:40 UTC,SurveyMonkey,113
3Y5140Z9DYTTA3NXY7OSFXMPJ24IPI,A35AG28CQTZVMS,3AC6MFV69KVL6SGQPVZ7H0S4FJEZHE,Sat May 09 13:39:34 PDT 2015,Sat May 09 13:41:21 PDT 2015,2015-05-09 21:42:39 UTC,SurveyMonkey,113
3XLBSAQ9Z5PQZN872PIXF6YUFLZ7ZW,A1NV8QXI4FEWWS,3MZ3TAMYTL0C0W5JLWNFV9RK6FAIRX,Sat May 09 13:08:40 PDT 2015,Sat May 09 13:08:54 PDT 2015,2015-05-09 21:12:39 UTC,Symantec,6615
379J5II41PTR3D6DAW5UD1FDMZYEL9,A389B2JAHB845F,37VE3DA4YUUPOUDAJHJ4VIL1OGTHBR,Sat May 09 14:13:06 PDT 2015,Sat May 09 14:14:22 PDT 2015,2015-05-09 22:17:38 UTC,Symantec,6615
3R2PKQ87NXLNP0QK6RW0YTSUEXVMIS,AQ4DKMXF2AUV8,3TCFMTM8HE1KW6S0YZN8222QDLK21B,Sat May 09 14:12:01 PDT 2015,Sat May 09 14:12:56 PDT 2015,2015-05-09 22:17:38 UTC,Symantec,6615
3VA45EW49O00PXFYB0Q7YY0DSVXO1F,AM0KMTKJ9VEFP,373L46LKP7JM83CUDUZI6YK6O26KJJ,Sat May 09 13:46:15 PDT 2015,Sat May 09 13:46:36 PDT 2015,2015-05-09 21:47:41 UTC,Symantec,6615
3OWEPKL08APWIYUOZ173KJRL57R7NF,A35AG28CQTZVMS,32FESTC2NH3D3LB0XGMYPHG909UUCB,Sat May 09 13:00:56 PDT 2015,Sat May 09 13:02:24 PDT 2015,2015-05-09 21:02:37 UTC,Symantec,6615
3L6L49WXW1AV9M6ZT3DANQ7PNK3454,AJNGIUBDXULG6,30Y6N4AHYP9VSLPXTIM44CB7EA2DRQ,Sat May 09 13:46:40 PDT 2015,Sat May 09 13:50:42 PDT 2015,2015-05-09 21:52:37 UTC,Symantec,6615
3O7L7BFSHF2PDCY7PT8HLLNL5V1EIS,A2T2D6DDA5X5DZ,3L7SUC0TTU7AWLBBCY2S36XEEYUM0I,Sat May 09 12:56:41 PDT 2015,Sat May 09 12:57:19 PDT 2015,2015-05-09 20:57:37 UTC,Symantec,6615
3JPSL1DZ5TCE10SM64JNUATB6FYANA,A3CWYWKQXX4RIZ,3B0MCRZMBR7J55C8LZ9AZBSHRBIPPP,Sat May 09 13:38:28 PDT 2015,Sat May 09 13:40:14 PDT 2015,2015-05-09 21:42:38 UTC,Symantec,6615
3TUI152ZZC03A9SEQDIBN3VD7WF1Q0,A1NV8QXI4FEWWS,3G4VVJO6PZTIUEFS87423U6IX1CPKO,Sat May 09 13:21:25 PDT 2015,Sat May 09 13:21:38 PDT 2015,2015-05-09 21:22:39 UTC,Synaptics,1266
3W92K5RLWVUU3ZPEDZEXWG7204Z5VG,A1NV8QXI4FEWWS,3RWB1RTQDJ0YZDDRZI7ZDPXR21IP85,Sat May 09 13:07:44 PDT 2015,Sat May 09 13:07:57 PDT 2015,2015-05-09 21:12:38 UTC,Synnex,14015
345LHZDEDY5RC5DAUQGZLX7Z81Z3UZ,A1NV8QXI4FEWWS,3Q2T3FD0ONL6DDA8VLKB54VLHAEM3D,Sat May 09 13:17:36 PDT 2015,Sat May 09 13:17:54 PDT 2015,2015-05-09 21:22:36 UTC,Synopsys,2121
3DZQRBDBSMSBXSL65LLZ6WPBN4F3SK,A35AG28CQTZVMS,32204AGAABPLFBLLZ3BIWTCY4TLHG8,Sat May 09 13:41:22 PDT 2015,Sat May 09 13:42:02 PDT 2015,2015-05-09 21:42:39 UTC,Synopsys,2121
3WQ3B2KGE9TG63QP7VLLSE0ELWF1BP,A2T2D6DDA5X5DZ,3G57RS03HHIJKOTJZMPK5SF7P1P52W,Sat May 09 13:44:45 PDT 2015,Sat May 09 13:45:04 PDT 2015,2015-05-09 21:47:40 UTC,Synopsys,2121
3XLBSAQ9Z5PQZN872PIXF6YUFLYZ7N,A1V0NUMA2VA07M,32ZCLEW0BZXNJU9AQM4Q2F65ICCPJP,Sat May 09 12:48:02 PDT 2015,Sat May 09 13:22:40 PDT 2015,2015-05-09 21:27:37 UTC,Tensilica,15.7
3IFS6Q0HJJWQNV3PQOSMA2R06MAISX,AT5I4VF891S7I,39O0SQZVJNKFBCON25JI4K1BSZ07RS,Sat May 09 13:21:42 PDT 2015,Sat May 09 13:23:03 PDT 2015,2015-05-09 21:27:38 UTC,Terapeak,81
32SCWG5HIIHDHJSWW6F3IUWKABAP6W,AM0KMTKJ9VEFP,3URJ6VVYUP0FVCEO8F477DCWQAQ4OW,Sat May 09 13:46:37 PDT 2015,Sat May 09 13:46:55 PDT 2015,2015-05-09 21:47:41 UTC,Tesla Motors,3200
3LEP4MGT3HDAYY61NO5GTG1NATJBDQ,A2WCCV1W8UE8ED,3NC6WP7WJHXZ9N6A9710JZ89D5NWWL,Sat May 09 14:04:53 PDT 2015,Sat May 09 14:07:54 PDT 2015,2015-05-09 22:12:38 UTC,Tesla Motors,3200
34Q075JO1YQFMGNF9FOW8X4VUSH102,A1NV8QXI4FEWWS,3GVPRXWRPH72IDL4CIP9QS0K53H7IO,Sat May 09 13:13:15 PDT 2015,Sat May 09 13:13:27 PDT 2015,2015-05-09 21:17:37 UTC,Tesla Motors,3200
33C7UALJVMBX45SI4J1B1CADDQV18R,A389B2JAHB845F,3UDTAB6HH6CVP1SHNPYNYKRUEZP09Z,Sat May 09 14:08:57 PDT 2015,Sat May 09 14:10:04 PDT 2015,2015-05-09 22:12:39 UTC,Tesla Motors,3200
3IAS3U3I0GTNVO8LQZLZXXAJD2R2B5,A2T2D6DDA5X5DZ,38EHZ67RIM577PMWQ0RVOYKULFKMGM,Sat May 09 12:57:22 PDT 2015,Sat May 09 12:57:55 PDT 2015,2015-05-09 21:02:36 UTC,Tesla Motors,3200
3IKZ72A5B5T9XR9UHK5F8B423V9NFY,A3CWYWKQXX4RIZ,3T8DUCXY0NJW5AP8LRMXIVTZBAL9TJ,Sat May 09 12:35:25 PDT 2015,Sat May 09 12:36:17 PDT 2015,2015-05-09 20:37:37 UTC,Tesla Motors,3200
3A7Y0R2P2P1UEN9U2GJ9LBNSYG3JXK,AJNGIUBDXULG6,3AJA9FLWSCBFX60AU1NLEKD13R0FI0,Sat May 09 13:50:43 PDT 2015,Sat May 09 13:54:11 PDT 2015,2015-05-09 21:57:39 UTC,Tesla Motors,3200
3AQF3RZ559V1Q632I3JY60IG85LF6H,A35AG28CQTZVMS,3UAU495MII5ECA83NLVPKHAQPNDOU2,Sat May 09 13:07:19 PDT 2015,Sat May 09 13:08:22 PDT 2015,2015-05-09 21:12:38 UTC,Tesla Motors,3200
3WR9XG3T64OAWQKIHWS7LALLEQX47I,A28OHQUT69VJ0S,3AXFSPQOYQBBSHKGCJ8LQLS1G6PFJC,Sat May 09 13:22:47 PDT 2015,Sat May 09 13:23:48 PDT 2015,2015-05-09 21:27:38 UTC,Tessera Technologies,278.81
3TYCR1GOTDWPE8X96JJ7YBGVA54ZLX,A1NV8QXI4FEWWS,3EPG8DX9LK3FCVUP1K0W15N00BHP53,Sat May 09 13:31:24 PDT 2015,Sat May 09 13:31:37 PDT 2015,2015-05-09 21:32:42 UTC,Thoratec,478
3JV9LGBJWURXTC51TJBA5L4JUKHOGG,A28OHQUT69VJ0S,34R3P23QHSEHCXBLE8F0IWYMYHBHW7,Sat May 09 14:09:19 PDT 2015,Sat May 09 14:10:15 PDT 2015,2015-05-09 22:12:39 UTC,Thoratec,478
34S6N1K2ZWW3NNXF0XD0Y4CQEFOLHU,A2T2D6DDA5X5DZ,3909MD9T2ZU3H1YOYIXUT5F9BYTFER,Sat May 09 13:45:46 PDT 2015,Sat May 09 13:46:01 PDT 2015,2015-05-09 21:47:41 UTC,TIBCO Software Inc.,1000
3DHE4R9OCXOJM5GW6LDDY81GTFLG22,A28OHQUT69VJ0S,3BDORL6HKKQLNTJJTMRTK6TPTAQRC4,Sat May 09 14:06:47 PDT 2015,Sat May 09 14:08:01 PDT 2015,2015-05-09 22:12:38 UTC,Tivo,451.48
3YOH7BII0AKXLIAHKMI3Y5QKXUUVKR,A2T2D6DDA5X5DZ,3XQ4XW3OD9PKQQRUBI2SY3PZ3LXS2L,Sat May 09 13:46:20 PDT 2015,Sat May 09 13:46:37 PDT 2015,2015-05-09 21:47:41 UTC,Tivo,451.48
36PW28KO409A7UF9D5G44NZ2SNWAEK,A1NV8QXI4FEWWS,3ZTE0JGGCE5IQGR31UAPQBOKIN6OCS,Sat May 09 13:14:55 PDT 2015,Sat May 09 13:15:09 PDT 2015,2015-05-09 21:17:38 UTC,Trimble Navigation,2396
3XUHV3NRVLBPLYUU8AXTHFGTSPMH50,A3CWYWKQXX4RIZ,36GJS3V78V3H6HGBN3E386SDHLOJGE,Sat May 09 12:16:14 PDT 2015,Sat May 09 12:17:04 PDT 2015,2015-05-09 20:17:36 UTC,Tumbleweed Communications,60
3JAOYWH7VJHA8HFW2LP8LNE2V2H9LT,AIZT1YYK4AL5L,3WKGUBL7SZZ7PRBRVNOFFW82V5L4LF,Sat May 09 13:58:32 PDT 2015,Sat May 09 14:00:00 PDT 2015,2015-05-09 22:02:36 UTC,Twitter,1400
3M68NM076IKYTW8B9YJSNPWZBTX6R4,A1NV8QXI4FEWWS,3UV0D2KX1MWLPZ1V9CLHKJ3IY9ZF4L,Sat May 09 13:20:29 PDT 2015,Sat May 09 13:20:41 PDT 2015,2015-05-09 21:22:38 UTC,Twitter,1400
3SNVL38CI551M94HT5NY8D2VCNDKCG,AJNGIUBDXULG6,3Y3N5A7N4GM7TG7WK6D1VYRYQBAMYK,Sat May 09 13:04:11 PDT 2015,Sat May 09 13:04:59 PDT 2015,2015-05-09 21:07:38 UTC,Twitter,1400
3WQQ9FUS6B7YH3AA6GU07ONMZ2K8BF,AM0KMTKJ9VEFP,3TL87MO8CM2HN78GF4KY605TKVUFLE,Sat May 09 13:46:56 PDT 2015,Sat May 09 13:47:15 PDT 2015,2015-05-09 21:47:41 UTC,Twitter,1400
3WI0P0II625XE5NQJLR6TV6RSFJRDG,A1NV8QXI4FEWWS,3MZ3TAMYTL0C0W5JLWNFV9RK6FARI6,Sat May 09 13:26:58 PDT 2015,Sat May 09 13:27:18 PDT 2015,2015-05-09 21:27:40 UTC,Ubiquiti Networks,608
3LO69W1SU4QPNR24GRVID40PZFCGLR,A28OHQUT69VJ0S,3CKVGCS3PGIDUGOGWVYEFFWK6NDS01,Sat May 09 14:12:04 PDT 2015,Sat May 09 14:13:13 PDT 2015,2015-05-09 22:17:38 UTC,Ultra Clean,513.96
3QUO65DNQV1GYU6WDO0R905A3SUOUE,A1NV8QXI4FEWWS,39KV3A5D18KRCRO0HUJNUU67E1JS71,Sat May 09 13:30:59 PDT 2015,Sat May 09 13:31:11 PDT 2015,2015-05-09 21:32:41 UTC,Ultra Clean,513.96
38F5OAUN5OP4828DW3CQFZUPJVLH7J,A35AG28CQTZVMS,3JU8CV4BRLP1K5076ZWVABNRH6LOP6,Sat May 09 14:11:27 PDT 2015,Sat May 09 14:12:07 PDT 2015,2015-05-09 22:12:39 UTC,Ultra Clean,513.96
3907X2AHF1IPZI9V9430SHF8U672PR,AT5I4VF891S7I,3W3RSPVVGS466P56ATFXS06WUI8LUI,Sat May 09 13:42:21 PDT 2015,Sat May 09 13:42:59 PDT 2015,2015-05-09 21:47:39 UTC,Untangle Inc.,5.8
3TVSS0C0E2D93Q09451RLYWUNGMWT7,AT5I4VF891S7I,3MJ9GGZYO3JGQU50UIG1D3VTHFQA27,Sat May 09 13:35:54 PDT 2015,Sat May 09 13:36:31 PDT 2015,2015-05-09 21:37:37 UTC,USWired Inc.,4.9
36TFCYNS45NYNHE4EGGO9Y7DLOYXHS,AT5I4VF891S7I,3NQUW096N6L8MXH3CIK6W4JIHXZ9LG,Sat May 09 13:28:58 PDT 2015,Sat May 09 13:29:57 PDT 2015,2015-05-09 21:32:40 UTC,Valin,183.2
3M81GAB8A1W4N7A6SAB0TF8MT86BQT,A1NV8QXI4FEWWS,3IKDQS3DQED8UUG03ZXK6ESY6E8CIM,Sat May 09 13:13:28 PDT 2015,Sat May 09 13:13:53 PDT 2015,2015-05-09 21:17:37 UTC,Varian Medical Systems,3076
37XITHEISXMN9DHCJPWV9PO97F9CR3,A35AG28CQTZVMS,3I7KR83SNAQX2RZLRI85H463SXUK9O,Sat May 09 13:59:16 PDT 2015,Sat May 09 14:03:21 PDT 2015,2015-05-09 22:07:37 UTC,Varian Medical Systems,3076
3BV8HQ2ZZXE6UFMU7NX6SZ7PBP9A60,A28OHQUT69VJ0S,3R868ACW4SP76WLF5PHPW0G30J1ZGF,Sat May 09 13:29:19 PDT 2015,Sat May 09 13:30:11 PDT 2015,2015-05-09 21:32:40 UTC,Veeva Systems,313.22
374TNBHA8C800F3H22PK1Q6NEHNYQU,A1NV8QXI4FEWWS,3J9UN9O9J35KVD5Q91P0NE5XA4ZJ0B,Sat May 09 13:18:23 PDT 2015,Sat May 09 13:18:37 PDT 2015,2015-05-09 21:22:36 UTC,VeriFone Systems,1919
3GM6G9ZBKOADYE6V03V4C0U3PE6TMB,A3CWYWKQXX4RIZ,3HRWUH63QUFF9AICL5N4XGI50WGN55,Sat May 09 12:17:26 PDT 2015,Sat May 09 12:18:26 PDT 2015,2015-05-09 20:22:36 UTC,Versant Corporation,25.3
3KGTPGBS6YY2RNHRQQ2U2N272N0U2G,AQ4DKMXF2AUV8,3Y3CZJSZ9K60O8A4EC4L60NF1T4R5W,Sat May 09 14:12:57 PDT 2015,Sat May 09 14:14:30 PDT 2015,2015-05-09 22:17:39 UTC,VMware,6035
3NVC2EB65RC8TEXF4RDOOIDC4P9Y3R,A1NV8QXI4FEWWS,3RSBJ6YZEC3PTSBDSW0QYH9NF0YOF3,Sat May 09 13:09:43 PDT 2015,Sat May 09 13:09:55 PDT 2015,2015-05-09 21:12:39 UTC,VMware,6035
3R2PKQ87NXLNP0QK6RW0YTSUEXUMIR,AM0KMTKJ9VEFP,3511RHPADVREQXDP6ZKSNPJCNJ4LRE,Sat May 09 13:47:16 PDT 2015,Sat May 09 13:47:40 PDT 2015,2015-05-09 21:52:37 UTC,VMware,6035
3300DTYQT3U2UAMQ21DQUNE7W5KEQX,AJNGIUBDXULG6,3BAKUKE49HP10Q9LDP293AAYPD01RP,Sat May 09 13:54:12 PDT 2015,Sat May 09 14:02:27 PDT 2015,2015-05-09 22:02:37 UTC,VMware,6035
33JKGHPFYD7F311B379S31OB0WOMN7,A2T2D6DDA5X5DZ,3UY4PIS8QRYGLSHTKILSUQ5OOGBN1N,Sat May 09 13:48:26 PDT 2015,Sat May 09 13:48:45 PDT 2015,2015-05-09 21:52:37 UTC,VMware,6035
3DH6GAKTYZ29E748PY8XSJIRJK8ZYP,A35AG28CQTZVMS,3ZXNP4Z39RY48ETAXLMMI8SCM7B7L2,Sat May 09 13:42:02 PDT 2015,Sat May 09 13:43:37 PDT 2015,2015-05-09 21:47:39 UTC,VMware,6035
3O7L7BFSHF2PDCY7PT8HLLNL5V1IEW,A28OHQUT69VJ0S,391FPZIE4CZ4KTMGJ80Z08DPD10HU8,Sat May 09 13:16:12 PDT 2015,Sat May 09 13:17:20 PDT 2015,2015-05-09 21:17:39 UTC,WageWorks,267.83
340UGXU9DZEBOEFTE0M54SZIZLTVUP,A389B2JAHB845F,3YLTXLH3DFJRSOEK2M15Q2QQ5K8HPC,Sat May 09 14:06:59 PDT 2015,Sat May 09 14:08:56 PDT 2015,2015-05-09 22:12:38 UTC,Western Digital Corporation,15400
32Q90QCQ1TYGJ7OVPWTTY12YXZQEK3,A2T2D6DDA5X5DZ,3SSN80MU8C1N3NHJUYEJX7SLZ0LXKK,Sat May 09 12:57:57 PDT 2015,Sat May 09 12:58:25 PDT 2015,2015-05-09 21:02:36 UTC,Western Digital Corporation,15400
3U5NZHP4LSFTE8CDSP67FLLAJPPHPO,A1NV8QXI4FEWWS,32W3UF2EZOYEMNHLIAVGCDIF1W7C47,Sat May 09 13:24:12 PDT 2015,Sat May 09 13:24:25 PDT 2015,2015-05-09 21:27:39 UTC,Workday,788
3M1CVSFP61IZ4X5EMWB4Y4OGBQKQAC,A1NV8QXI4FEWWS,3ODOP6T3ASX1O5PJLH6A009TP5U24O,Sat May 09 13:14:38 PDT 2015,Sat May 09 13:14:54 PDT 2015,2015-05-09 21:17:38 UTC,Xilinx,2428
3YMU66OBIOLN1VJEP6GKLC7IIY2GHJ,A3CWYWKQXX4RIZ,38O9DZ0A620F3STX45ZPXYT7LW0269,Sat May 09 13:41:44 PDT 2015,Sat May 09 13:42:52 PDT 2015,2015-05-09 21:47:39 UTC,Xilinx,2428
3FPRZHYEPZKRPK2AZGQ4HJ9IM89V3H,A2WCCV1W8UE8ED,3CVDZS288HD1TPQ1FGLD6DKIK0KFMG,Sat May 09 14:00:29 PDT 2015,Sat May 09 14:04:41 PDT 2015,2015-05-09 22:07:38 UTC,Xilinx,2428
3SUWZRL0MZQ9KS36NSZSOIXGW47E6Z,A35AG28CQTZVMS,3LB1BGHFL29B6BXGT3EDHCMQKJ5TYR,Sat May 09 13:09:22 PDT 2015,Sat May 09 13:10:13 PDT 2015,2015-05-09 21:12:39 UTC,Xilinx,2428
3Y5140Z9DYTTA3NXY7OSFXMPJ23PIO,A2T2D6DDA5X5DZ,3FHTJGYT8NDDSSJ9IGJN52EPQKVPGL,Sat May 09 12:58:28 PDT 2015,Sat May 09 12:59:04 PDT 2015,2015-05-09 21:02:36 UTC,Xilinx,2428
35GMH2SV3FUZ9Y9ANOLM5IJ7H43EOQ,AQ4DKMXF2AUV8,3L84EBDQ37FHJNICVFZU7DKJ3R6KKI,Sat May 09 14:14:31 PDT 2015,Sat May 09 14:15:28 PDT 2015,2015-05-09 22:17:39 UTC,Yahoo,4618
3X87C8JFV7O34TR83WXVJ4IMXWRSQA,A1NV8QXI4FEWWS,39KMGHJ4RZNDT744NTFU59Q1BVU00M,Sat May 09 13:11:38 PDT 2015,Sat May 09 13:11:54 PDT 2015,2015-05-09 21:12:40 UTC,Yahoo,4618
31JLPPHS2V7WZ0TDY44QMRFAQFBO37,AM0KMTKJ9VEFP,3CIS7GGG65WS0JVET7STF5GCLL7UE4,Sat May 09 13:47:57 PDT 2015,Sat May 09 13:48:15 PDT 2015,2015-05-09 21:52:37 UTC,Yahoo,4618
31LM9EDVOM5P2TVQ0AW0N9WUW2SJNZ,A35AG28CQTZVMS,356TQKY9XFA9T79R3WDID36627C78G,Sat May 09 13:14:19 PDT 2015,Sat May 09 13:14:51 PDT 2015,2015-05-09 21:17:38 UTC,Yahoo,4618
3R5F3LQFV3XXKT06JBZZQSKP5A8ZOD,A2T2D6DDA5X5DZ,3X878VYTIEVI8MJEBAJONVNSPBP7FX,Sat May 09 12:59:11 PDT 2015,Sat May 09 12:59:48 PDT 2015,2015-05-09 21:02:37 UTC,Yahoo,4618
3X0H8UUIT218OQNUF5W1BT08LX9WSJ,AJNGIUBDXULG6,3FULMHZ7OUARV9TCVZPUF9NRVAAM4Y,Sat May 09 14:02:27 PDT 2015,Sat May 09 14:07:33 PDT 2015,2015-05-09 22:07:38 UTC,Yahoo,4618
38JBBYETQPNV55ZS446DRKD20D24E5,A2WCCV1W8UE8ED,3EQPA8A3749HXYBGDV2STD8JSBIZJJ,Sat May 09 13:52:34 PDT 2015,Sat May 09 13:59:27 PDT 2015,2015-05-09 22:02:36 UTC,Yahoo,4618
3EA3QWIZ4J8R2VG4FOXCK7NM85PITN,A3CWYWKQXX4RIZ,3YLPJ8OXX8Q2PLSG96R3QQ3P2EUX4T,Sat May 09 13:40:15 PDT 2015,Sat May 09 13:41:43 PDT 2015,2015-05-09 21:42:39 UTC,Yahoo,4618
3M68NM076IKYTW8B9YJSNPWZBTUR6M,A3NRBZ60KNPFYV,3XT3KXP24ZBJED7ZT8KHKE0OASXI60,Sat May 09 12:12:38 PDT 2015,Sat May 09 12:26:55 PDT 2015,2015-05-09 20:27:38 UTC,Yelp Inc,377
36V4Q8R5ZLD06YE3JZ197VJG57BMQU,A28OHQUT69VJ0S,3S1WOPCJFG6JM3KKH8OF8371459JEX,Sat May 09 13:51:08 PDT 2015,Sat May 09 13:52:25 PDT 2015,2015-05-09 21:52:38 UTC,Yelp Inc,377
3A0EX8ZRN91DW91SJKSU61BOSHKYBG,A28OHQUT69VJ0S,3UL5XDRDNCWU63V8F3YLFJSAB1H58Z,Sat May 09 12:12:29 PDT 2015,Sat May 09 12:13:48 PDT 2015,2015-05-09 20:17:36 UTC,YuMe Inc.,177.78
3ND9UOO81LFLKDS4VWZ0Z7MDT3YLWR,A28OHQUT69VJ0S,31D0ZWOD0AC9UK2MFVCNUF2EKH6A0N,Sat May 09 12:11:05 PDT 2015,Sat May 09 12:12:22 PDT 2015,2015-05-09 20:12:38 UTC,Zeltiq Aesthetics,174.48
373ERPL3YPL4VUJN5BRLYZODV19RT1,AQ4DKMXF2AUV8,309D674SHZYY7M2UXP53KROLBOOCBD,Sat May 09 14:15:29 PDT 2015,Sat May 09 14:16:24 PDT 2015,2015-05-09 22:17:39 UTC,Zynga,873.27
30H4UDGLT3VF6MDOJMMK7QT60BPPM6,AIZT1YYK4AL5L,3KTCJ4SCVGEA3AWT8H6SHBGOJQ0M1L,Sat May 09 13:51:19 PDT 2015,Sat May 09 13:52:36 PDT 2015,2015-05-09 21:57:38 UTC,Zynga,873.27
3MHW492WW1QSB6AK5YVJDIIOMZPMVN,A1NV8QXI4FEWWS,3M0556243SX7B7B1RH0DJS9IPQUFNG,Sat May 09 13:26:08 PDT 2015,Sat May 09 13:26:20 PDT 2015,2015-05-09 21:27:40 UTC,Zynga,873.27